component,N,B,mean_ms,std_ms
T_edge,-,-,250.14876713394187,0.12400861458409829
T_prumerge_base,-,-,8.196232852060348,0.06803425093721288
T_prumerge_plus,-,-,23.36375434533693,0.10240141819266295
T_quant,1,1,1.574015929363668,0.09571806271271385
T_quant,1,2,1.5837204118724912,0.11316683103909318
T_quant,1,4,1.5643636544700712,0.08236726546007168
T_quant,2,1,1.735704883467406,0.20326801486371246
T_quant,2,2,1.6861894796602428,0.11883891311620105
T_quant,2,4,1.666131818201393,0.07276941709047476
T_quant,3,1,1.703577977605164,0.12751713720802912
T_quant,3,2,1.6899943281896412,0.11329751314278468
T_quant,3,4,1.6504039382562041,0.04736768135545154
T_quant,4,1,1.6823568393010646,0.09461327161641908
T_quant,4,2,1.6754024906549603,0.07960089167018757
T_quant,4,4,1.6788123967126012,0.10077396375789485
T_quant,5,1,1.6764793393667787,0.09482629643064196
T_quant,5,2,1.685412450460717,0.09945229715482275
T_quant,5,4,1.6863254737108946,0.10039867921311757
T_quant,6,1,1.6850931441877037,0.08525195927308869
T_quant,6,2,1.6891914047300816,0.09607601731925007
T_quant,6,4,1.6750983684323728,0.1368760710246748
T_quant,7,1,1.6759615251794457,0.061320754346206346
T_quant,7,2,1.6827263950835913,0.11270535304534171
T_quant,7,4,1.6880924615543336,0.08776908209885816
T_quant,8,1,1.6879930614959449,0.11952827758656785
T_quant,8,2,1.681137578561902,0.1465055504514731
T_quant,8,4,1.82164337602444,0.4831966453235419
T_quant,9,1,1.6927914984989911,0.11843939442015541
T_quant,9,2,1.6918998712208122,0.09847304366744376
T_quant,9,4,1.7073142295703292,0.07472047706027168
T_quant,10,1,1.6794066689908504,0.08469818677618342
T_quant,10,2,1.668017387855798,0.08123062777931706
T_quant,10,4,1.7390976659953594,0.09663207095682343
T_quant,11,1,1.685609620762989,0.0778670055291409
T_quant,11,2,1.6727905545849353,0.12651688948152384
T_quant,11,4,1.7485610488802195,0.08390676474055751
T_quant,12,1,1.674152547493577,0.07452492732360821
T_quant,12,2,1.6830668365582824,0.08883040910463819
T_quant,12,4,1.7634486313909292,0.07018861982514531
T_quant,13,1,1.6711822943761945,0.0592948498478228
T_quant,13,2,1.6972698911558837,0.1140670848599259
T_quant,13,4,1.826606213580817,0.27437646406744765
T_quant,14,1,1.6780566063243896,0.06782561491114356
T_quant,14,2,1.6863529721740633,0.16050724538222008
T_quant,14,4,1.794084848370403,0.07086473751057451
T_quant,15,1,1.6797542106360197,0.08335529766626845
T_quant,15,2,1.711076230276376,0.08837001388868403
T_quant,15,4,2.363354758126661,0.7983562354760949
T_quant,16,1,1.7005871166475117,0.14643999820006473
T_quant,16,2,1.733688599197194,0.14418708226744067
T_quant,16,4,2.0622169319540262,0.48814803170795407
T_quant,17,1,1.6677109862212092,0.07768125157037617
T_quant,17,2,1.7023374780546874,0.1719325182770883
T_quant,17,4,1.9430960156023502,0.20346613852933484
T_quant,18,1,1.6727169672958553,0.10459804605528311
T_quant,18,2,1.6917163145262748,0.12636814283561804
T_quant,18,4,1.920204171910882,0.10865709331849291
T_quant,19,1,1.6872268402948976,0.08789470234837038
T_quant,19,2,1.7385533603373915,0.13202454846936895
T_quant,19,4,1.9705356983467937,0.12967965687192817
T_quant,20,1,1.6788354713935405,0.11558458638064013
T_quant,20,2,1.718051286879927,0.11974906011424422
T_quant,20,4,1.9577247160486877,0.1311284338912101
T_quant,21,1,1.8193246121518314,0.1795665290009865
T_quant,21,2,1.7998072353657335,0.19532936929207176
T_quant,21,4,1.9855000381357968,0.20616183956612152
T_quant,22,1,1.8674480088520795,0.16871834296139845
T_quant,22,2,1.867829478578642,0.12037521140634735
T_quant,22,4,2.0027012063656002,0.1379680022567387
T_quant,23,1,1.8518590251915157,0.12509585132833625
T_quant,23,2,1.8907770584337413,0.1592798478403876
T_quant,23,4,2.1584436832927167,0.4980267282661722
T_quant,24,1,1.8644495913758874,0.1316633748395294
T_quant,24,2,1.8912675383035094,0.12524303881021379
T_quant,24,4,2.129116643918678,0.4278638798567956
T_quant,25,1,1.8459570070262998,0.11317443180494487
T_quant,25,2,1.9117199908941984,0.19060874609154912
T_quant,25,4,2.033213669201359,0.10202197781721227
T_quant,26,1,1.9016832625493407,0.1840152746103253
T_quant,26,2,1.9185356819070876,0.1749611263216192
T_quant,26,4,2.055026044836268,0.1793095549770823
T_quant,27,1,1.8794831563718617,0.16955396214872956
T_quant,27,2,1.9057714100927114,0.12327054674359417
T_quant,27,4,2.0852384238969535,0.11384168349515905
T_quant,28,1,1.8205258902162313,0.10027474133087101
T_quant,28,2,1.9230250304099172,0.1789777768999689
T_quant,28,4,2.6652817358262837,2.315314153146687
T_quant,29,1,1.870179029647261,0.1453852050411011
T_quant,29,2,2.01437218580395,0.3926172000357315
T_quant,29,4,2.2582477796822786,0.6688486878223578
T_quant,30,1,1.8621440348215401,0.1507262013008399
T_quant,30,2,1.9579130806960166,0.2280045767062026
T_quant,30,4,2.1913899737410247,0.5858442787497978
T_quant,31,1,1.8564216676168144,0.09133683852187138
T_quant,31,2,1.992308150511235,0.4459479067778547
T_quant,31,4,2.2232701047323644,0.3940815949095533
T_quant,32,1,1.8630905903410167,0.1380869751398934
T_quant,32,2,1.9410787406377494,0.19162226680891198
T_quant,32,4,2.286172203021124,0.6217732941346215
T_quant,33,1,2.032263595610857,0.06878761903675817
T_quant,33,2,2.103507707361132,0.11317979100944445
T_quant,33,4,2.4185009789653122,0.36712634172894226
T_quant,34,1,2.0391305105295032,0.10780323679206084
T_quant,34,2,2.2015988221392035,0.28179189516948266
T_quant,34,4,2.3549097508657724,0.16944991570048987
T_quant,35,1,2.042438412318006,0.11066105333980256
T_quant,35,2,2.1262753021437675,0.12854884498450958
T_quant,35,4,2.3645889770705253,0.11846190042358147
T_quant,36,1,2.0475771161727607,0.09282939024002841
T_quant,36,2,2.1015405980870128,0.06072748033580834
T_quant,36,4,2.3821712285280228,0.09466415374619674
T_quant,37,1,2.0738698460627347,0.14563613809164266
T_quant,37,2,2.1342062787152827,0.15469483114606927
T_quant,37,4,2.4119469558354467,0.13217620784688858
T_quant,38,1,2.0531771040987223,0.09797013823849858
T_quant,38,2,2.127460290212184,0.11525044772107121
T_quant,38,4,2.462699686875567,0.5619069306987239
T_quant,39,1,2.0970832579769194,0.20331487673889406
T_quant,39,2,2.148782182484865,0.15356917590812938
T_quant,39,4,2.430632021278143,0.09699308057024462
T_quant,40,1,2.0732960861641914,0.14209641847069157
T_quant,40,2,2.1231405809521675,0.06833642452197841
T_quant,40,4,2.441055936506018,0.08947230487447284
T_quant,41,1,2.082061149412766,0.15077328492910155
T_quant,41,2,2.1513270772993565,0.11831969757749794
T_quant,41,4,2.4541239312384278,0.08943233470786567
T_quant,42,1,2.0829119766131043,0.13039619646645675
T_quant,42,2,2.136395163834095,0.12239038728817153
T_quant,42,4,2.468500076793134,0.09053645805936865
T_quant,43,1,2.051839513005689,0.07080047055734129
T_quant,43,2,2.1129481529351324,0.03656017860715957
T_quant,43,4,2.4844525195658207,0.09561089141477953
T_quant,44,1,2.0382805541157722,0.04726380049996085
T_quant,44,2,2.117360185366124,0.014562843683426288
T_quant,44,4,2.476442225743085,0.045877615858530445
T_quant,45,1,2.045209378702566,0.05686503299647856
T_quant,45,2,2.124565589474514,0.03468390958522972
T_quant,45,4,2.489221914438531,0.05464339022798845
T_quant,46,1,2.0444297487847507,0.047286027997545256
T_quant,46,2,2.1295235655270517,0.04706408983584025
T_quant,46,4,2.4993586423806846,0.047829918655863536
T_quant,47,1,2.04788004164584,0.045696334071287655
T_quant,47,2,2.130281439749524,0.01299050875866558
T_quant,47,4,2.51770451082848,0.04454565219955938
T_quant,48,1,2.048995012883097,0.04813425366011512
T_quant,48,2,2.146637514233589,0.06210232720317202
T_quant,48,4,2.5387137883808464,0.07231628718036637
T_quant,49,1,2.052189002279192,0.03516479221920288
T_quant,49,2,2.147594637935981,0.04847900129657994
T_quant,49,4,2.5653598236385733,0.06595553058562756
T_quant,50,1,2.0579807739704847,0.04683220184007837
T_quant,50,2,2.162562196608633,0.06447890878216667
T_quant,50,4,2.577473825076595,0.054663314977013135
T_quant,51,1,2.068333816714585,0.04765755018083822
T_quant,51,2,2.1727027965243906,0.05417176842938092
T_quant,51,4,2.586795660899952,0.056291022023089735
T_quant,52,1,2.0608565723523498,0.01206993072896247
T_quant,52,2,2.1619558008387685,0.037806855524511185
T_quant,52,4,2.617549339774996,0.07588593825676959
T_quant,53,1,2.093572865705937,0.09966255523091813
T_quant,53,2,2.1725434658583254,0.047830468531747196
T_quant,53,4,2.623381057055667,0.05664332201996229
T_quant,54,1,2.0802330982405692,0.05659522749520605
T_quant,54,2,2.1725105261430144,0.01690857991383345
T_quant,54,4,2.6413162669632584,0.054745742980078664
T_quant,55,1,2.0771688036620617,0.05002986871856936
T_quant,55,2,2.181995970895514,0.04720440041629882
T_quant,55,4,2.6703444216400385,0.11618661256594823
T_quant,56,1,2.0723040588200092,0.03960778932445817
T_quant,56,2,2.18544471077621,0.04608067864062974
T_quant,56,4,2.6617069728672504,0.03990074300698257
T_quant,57,1,2.101923405425623,0.06539262505319135
T_quant,57,2,2.1902680373750627,0.033379834307384004
T_quant,57,4,2.6740962103940547,0.03269003538699797
T_quant,58,1,2.109504269901663,0.046715631787971175
T_quant,58,2,2.198155838996172,0.04867352468256908
T_quant,58,4,2.7117508347146213,0.06633167610069594
T_quant,59,1,2.1077199012506753,0.059917575209198895
T_quant,59,2,2.209822655422613,0.06537006126915584
T_quant,59,4,2.7171184902545065,0.04897947376026621
T_quant,60,1,2.104575786506757,0.035917723698298334
T_quant,60,2,2.2063509305007756,0.047838240101309736
T_quant,60,4,2.7264142560306937,0.06140821264309879
T_quant,61,1,2.1135487989522517,0.059867153359781496
T_quant,61,2,2.2126479912549257,0.04237897248290312
T_quant,61,4,2.7244001836515963,0.03984175265760069
T_quant,62,1,2.1283050696365535,0.08349345716994212
T_quant,62,2,2.2160370694473386,0.03419287643861251
T_quant,62,4,2.745921137975529,0.0689698807400008
T_quant,63,1,2.111670665908605,0.055498237474457354
T_quant,63,2,2.2201319003943354,0.03459732459660067
T_quant,63,4,2.761190428864211,0.046704276052897814
T_quant,64,1,2.1303442341741174,0.03551976509075295
T_quant,64,2,2.248274013400078,0.047545204970344514
T_quant,64,4,2.8004306368529797,0.05654189952543759
T_quant,65,1,2.364812671439722,0.048088592842829105
T_quant,65,2,2.479800097644329,0.03514969537081826
T_quant,65,4,3.008007335010916,0.04961541495964668
T_quant,66,1,2.372838141163811,0.06271255892547625
T_quant,66,2,2.4988005799241364,0.06397841619153025
T_quant,66,4,3.0245463247410953,0.05844370949720981
T_quant,67,1,2.382991265039891,0.05933290158875357
T_quant,67,2,2.4976618017535657,0.05720588484399104
T_quant,67,4,3.0433616170194,0.05564122745121677
T_quant,68,1,2.3753283184487373,0.045974749812060366
T_quant,68,2,2.498569601448253,0.0501497089090718
T_quant,68,4,3.056582857389003,0.055174394028528535
T_quant,69,1,2.375731549691409,0.05702286182796057
T_quant,69,2,2.4972841423004866,0.03445306871766219
T_quant,69,4,3.092940787319094,0.11335023129037326
T_quant,70,1,2.3697120358701795,0.03442360294992803
T_quant,70,2,2.513547957642004,0.05796071475096428
T_quant,70,4,3.0812828266061842,0.030840943252477864
T_quant,71,1,2.376966840820387,0.04748257365578739
T_quant,71,2,2.5162062980234623,0.04722410578809997
T_quant,71,4,3.095453141722828,0.031205405384198158
T_quant,72,1,2.3850320861674845,0.04815820592817831
T_quant,72,2,2.534177767811343,0.07733439304598416
T_quant,72,4,3.123734766850248,0.04758045720403509
T_quant,73,1,2.3818993649911135,0.04800604483090681
T_quant,73,2,2.524219483602792,0.047088962840258916
T_quant,73,4,3.1283626903314143,0.015562120538640815
T_quant,74,1,2.378172226017341,0.04540297725041828
T_quant,74,2,2.525889939861372,0.012956539886367888
T_quant,74,4,3.153424127958715,0.0554768519106323
T_quant,75,1,2.3869599192403257,0.04518479811542156
T_quant,75,2,2.5442184624262154,0.057314186281594584
T_quant,75,4,3.168745315633714,0.04482370309842506
T_quant,76,1,2.390213106991723,0.05554145240776722
T_quant,76,2,2.534915612777695,0.012901070739025909
T_quant,76,4,3.1911163905169815,0.06347382136406253
T_quant,77,1,2.393467545043677,0.0455985563488201
T_quant,77,2,2.536218666937202,0.013127265264231795
T_quant,77,4,3.196688024327159,0.04112567422309338
T_quant,78,1,2.389529529027641,0.03470411277239514
T_quant,78,2,2.5725701940245926,0.08529014135944846
T_quant,78,4,3.208794742822647,0.04333411451007736
T_quant,79,1,2.392367625143379,0.04734280715506366
T_quant,79,2,2.5649233465082943,0.058708145129774535
T_quant,79,4,3.2228486670646816,0.040870842367942105
T_quant,80,1,2.3972038296051323,0.05734267299051043
T_quant,80,2,2.524912020890042,0.08395477788755254
T_quant,80,4,3.2438368792645633,0.03952473109128247
T_quant,81,1,2.3998630850110203,0.055454294074421914
T_quant,81,2,2.311281127622351,0.039577281252909845
T_quant,81,4,3.27139361994341,0.06655911707478723
T_quant,82,1,2.401701188646257,0.04911644357622428
T_quant,82,2,2.340418741805479,0.07966244204387049
T_quant,82,4,3.2850174012128264,0.07058659370058991
T_quant,83,1,2.411569133400917,0.05621430948644689
T_quant,83,2,2.344003152102232,0.04656921768051193
T_quant,83,4,3.296446792082861,0.05435704491145402
T_quant,84,1,2.4171538616064936,0.0700432503463
T_quant,84,2,2.3467433091718704,0.048723560667923216
T_quant,84,4,3.301019228529185,0.02940288478917336
T_quant,85,1,2.4135592172387987,0.07101605933485428
T_quant,85,2,2.3389585979748517,0.03165264851777806
T_quant,85,4,3.321697940118611,0.04802555929077307
T_quant,86,1,2.4170351680368185,0.07807059624250602
T_quant,86,2,2.3628088645637035,0.06744908460319761
T_quant,86,4,3.345573771512136,0.05973262609678703
T_quant,87,1,2.4214748747181147,0.0691461416789554
T_quant,87,2,2.3814798577222973,0.08961769740090852
T_quant,87,4,3.3600619167555124,0.05321940645446806
T_quant,88,1,2.429690322605893,0.0847396816961405
T_quant,88,2,2.3554538399912417,0.05137338335228651
T_quant,88,4,3.3676111232489347,0.04179669606098157
T_quant,89,1,2.421220791293308,0.05679805062910625
T_quant,89,2,2.371211717836559,0.046877762298473666
T_quant,89,4,3.3903467981144786,0.05678756971272119
T_quant,90,1,2.4226227030158043,0.04787042468374416
T_quant,90,2,2.365732085891068,0.03341663077028899
T_quant,90,4,3.393884140532464,0.01447748304390713
T_quant,91,1,2.4230092705693096,0.034205280678625036
T_quant,91,2,2.372929670382291,0.05239531806235029
T_quant,91,4,3.428241027286276,0.06681038191400364
T_quant,92,1,2.428495166823268,0.0488178377152294
T_quant,92,2,2.3989411676302552,0.07127249571253173
T_quant,92,4,3.4318275877740234,0.03807774626323735
T_quant,93,1,2.4280074005946517,0.015278752110815001
T_quant,93,2,2.3887938365805894,0.050383100597011767
T_quant,93,4,3.4532172919716686,0.045743174721451244
T_quant,94,1,2.4319252045825124,0.03333100488491919
T_quant,94,2,2.3966780956834555,0.0758899855901845
T_quant,94,4,3.473117423709482,0.06364083782286155
T_quant,95,1,2.439573685405776,0.06369352068022802
T_quant,95,2,2.3952066770289093,0.049045125363636276
T_quant,95,4,3.4844333468936384,0.053034353314735376
T_quant,96,1,2.4351130751892924,0.045660938571735206
T_quant,96,2,2.398227860685438,0.043137804684032555
T_quant,96,4,3.499072986887768,0.04889494581368563
T_quant,97,1,2.398796862689778,0.0946324534835508
T_quant,97,2,2.4753773130942136,0.04780276295472109
T_quant,97,4,3.582755324896425,0.05807749450502497
T_quant,98,1,2.289236163487658,0.05887472327379085
T_quant,98,2,2.4709036864805967,0.030887801386423077
T_quant,98,4,3.611278496682644,0.08282638542363985
T_quant,99,1,2.2813348611816764,0.04684312394772117
T_quant,99,2,2.4745602859184146,0.031046245698442387
T_quant,99,4,3.6626826354768127,0.11496832849651248
T_quant,100,1,2.2858632949646562,0.05437765691622024
T_quant,100,2,2.500925448257476,0.07961550861083262
T_quant,100,4,3.64515153109096,0.08351503549586273
T_quant,101,1,2.279009072808549,0.030674909571799254
T_quant,101,2,2.4841627082787454,0.030784905692585095
T_quant,101,4,3.688598518492654,0.0950881452837991
T_quant,102,1,2.2880373743828386,0.057010666799280345
T_quant,102,2,2.4953784712124616,0.044654973107018756
T_quant,102,4,3.6930568737443537,0.08580976018437622
T_quant,103,1,2.3029657767619938,0.07134798162763105
T_quant,103,2,2.5065853644628078,0.06629275605982937
T_quant,103,4,3.722364683635533,0.11224377836043119
T_quant,104,1,2.279749005101621,0.01686167328988024
T_quant,104,2,2.5092484848573804,0.05936639799310335
T_quant,104,4,3.7734181829728186,0.13312753988484952
T_quant,105,1,2.291483060689643,0.048567510588231916
T_quant,105,2,2.503343374701217,0.0402273701141798
T_quant,105,4,3.7976133171468973,0.13021300753607348
T_quant,106,1,2.2908688115421683,0.0468490706084941
T_quant,106,2,2.5117048469837755,0.052907513076535816
T_quant,106,4,3.7878087314311415,0.11970819244774941
T_quant,107,1,2.3035537567920983,0.05611406323447113
T_quant,107,2,2.5103390216827393,0.0314285193896285
T_quant,107,4,3.7398669763933867,0.07409391146648832
T_quant,108,1,2.304555050795898,0.056581760854340385
T_quant,108,2,2.518564403289929,0.04010473746720293
T_quant,108,4,3.7629885808564723,0.08369204478895424
T_quant,109,1,2.305524031398818,0.04913140672561896
T_quant,109,2,2.5209873518906534,0.0403603149180387
T_quant,109,4,3.803761920426041,0.10202611852002648
T_quant,110,1,2.300384066766128,0.029563426835887974
T_quant,110,2,2.53100675647147,0.05863045883670199
T_quant,110,4,3.8103539834264666,0.08994806327845115
T_quant,111,1,2.303841405082494,0.030469801796096846
T_quant,111,2,2.536687516840175,0.06174445858782304
T_quant,111,4,3.8819951564073563,0.18684510329020887
T_quant,112,1,2.3001737939193845,0.028471663459795557
T_quant,112,2,2.5335613498464227,0.030406490404636402
T_quant,112,4,3.847632793476805,0.10120044366870141
T_quant,113,1,2.317594204796478,0.048453491933169675
T_quant,113,2,2.548892153427005,0.08456767757275092
T_quant,113,4,3.8603347539901733,0.09326571955529618
T_quant,114,1,2.308465812820941,0.012850826726371242
T_quant,114,2,2.5412072357721627,0.06484735519134079
T_quant,114,4,3.906313026091084,0.12011179924677434
T_quant,115,1,2.329275965457782,0.06632087079595535
T_quant,115,2,2.5541193422395736,0.08625782152857304
T_quant,115,4,3.9335244533140212,0.114199927046328
T_quant,116,1,2.36058036563918,0.4132704798848121
T_quant,116,2,2.539696174208075,0.06207502062006316
T_quant,116,4,3.9472647849470377,0.13070738533653034
T_quant,117,1,2.3227168375160545,0.048665704325503406
T_quant,117,2,2.5374565250240266,0.03229483804868436
T_quant,117,4,3.942630476085469,0.11501083279865106
T_quant,118,1,2.3326494137290865,0.07691488137958807
T_quant,118,2,2.550286646001041,0.056264687549507926
T_quant,118,4,3.962309507187456,0.128809532023176
T_quant,119,1,2.344184626126662,0.07230091770187325
T_quant,119,2,2.564548017689958,0.07317340115320099
T_quant,119,4,3.990094857290387,0.13598176726301528
T_quant,120,1,2.327856062911451,0.04729075890805451
T_quant,120,2,2.5804444740060717,0.09407280895197978
T_quant,120,4,3.999971371376887,0.13345825804998376
T_quant,121,1,2.333943205885589,0.047839813949696657
T_quant,121,2,2.568549328716472,0.07001491490834795
T_quant,121,4,3.971916993614286,0.07910734849950855
T_quant,122,1,2.3263511469122022,0.028820898170181304
T_quant,122,2,2.595820672577247,0.09438829070182862
T_quant,122,4,4.075144872767851,0.15723409271430772
T_quant,123,1,2.344429128570482,0.051390504067500335
T_quant,123,2,2.577769623603672,0.06050974925401473
T_quant,123,4,4.1157120012212545,0.1628765690501584
T_quant,124,1,2.341146817198023,0.05562006317309176
T_quant,124,2,2.5765014393255115,0.05691070970441318
T_quant,124,4,4.079317004652694,0.13451066968103767
T_quant,125,1,2.3462521645706147,0.04787462969890379
T_quant,125,2,2.5785001984331757,0.061650880231663506
T_quant,125,4,4.168222799198702,0.16606351539907946
T_quant,126,1,2.3384424566756934,0.039392084732387776
T_quant,126,2,2.5842273235321045,0.056455932672649735
T_quant,126,4,4.15373241296038,0.1538030559660906
T_quant,127,1,2.3523191804997623,0.05982253627849261
T_quant,127,2,2.5835674488916993,0.05473124500336801
T_quant,127,4,4.19664679444395,0.1627668567883671
T_quant,128,1,2.3499575606547296,0.06609661258004264
T_quant,128,2,2.638117232127115,0.13025834652156668
T_quant,128,4,4.2126748885493726,0.1697831353240564
T_quant,129,1,2.685803418280557,0.011884599825131736
T_quant,129,2,2.95675486093387,0.07898715459819065
T_quant,129,4,4.5439071895089,0.16850929841892823
T_quant,130,1,2.6902341458480805,0.04233790799555425
T_quant,130,2,2.957771884975955,0.07103399836577683
T_quant,130,4,4.564784573158249,0.16044567271995647
T_quant,131,1,2.674661974888295,0.04059054311517648
T_quant,131,2,2.967181543353945,0.09676882502990433
T_quant,131,4,4.557648483896628,0.15811055841808078
T_quant,132,1,2.6710857590660453,0.013482582075362085
T_quant,132,2,2.96638889471069,0.08419156030098306
T_quant,132,4,4.581267358735204,0.1561972792631591
T_quant,133,1,2.6820928580127656,0.04090372411667315
T_quant,133,2,2.960662158438936,0.06289011261261851
T_quant,133,4,4.5905112696345896,0.16744424233318034
T_quant,134,1,2.6895396620966494,0.047107086496330386
T_quant,134,2,2.970873716985807,0.08022960640264756
T_quant,134,4,4.592764754779637,0.16114634650573456
T_quant,135,1,2.6842794485855848,0.04127366031755941
T_quant,135,2,2.968140591401607,0.06112204390307573
T_quant,135,4,4.607862163102254,0.14125478763501756
T_quant,136,1,2.687839827267453,0.03179701947156101
T_quant,136,2,2.9674440366216004,0.05252426739128886
T_quant,136,4,4.616132193477824,0.12666273525604013
T_quant,137,1,2.6893042458686978,0.03061577366406204
T_quant,137,2,2.9580493294633925,0.015204370481642937
T_quant,137,4,4.653357842471451,0.14266698013447865
T_quant,138,1,2.696732432814315,0.03771598322693526
T_quant,138,2,2.9619280830956995,0.01597025098704568
T_quant,138,4,4.660579988267273,0.13935569422235805
T_quant,139,1,2.6996681874152273,0.04200195993824224
T_quant,139,2,2.9690315015614033,0.043846440305259644
T_quant,139,4,4.70017954823561,0.15762984640220243
T_quant,140,1,2.6997724536340684,0.030792613367618942
T_quant,140,2,2.970634400844574,0.020007750723844447
T_quant,140,4,4.708453237544745,0.15024232140550212
T_quant,141,1,2.7022585598751903,0.04031396842114546
T_quant,141,2,2.981200315989554,0.05529177967444575
T_quant,141,4,4.744513734476641,0.1710555427499589
T_quant,142,1,2.699373112991452,0.030566835979248374
T_quant,142,2,2.975181976798922,0.030302656086180418
T_quant,142,4,4.717671233229339,0.1438471420210267
T_quant,143,1,2.7074365911539644,0.04861855990607897
T_quant,143,2,2.979767385404557,0.03251975708400939
T_quant,143,4,4.722546264529228,0.14011523264463696
T_quant,144,1,2.718783902237192,0.06242185458590559
T_quant,144,2,2.985161986434832,0.04090702988751423
T_quant,144,4,4.744786452502012,0.14208966530479125
T_quant,145,1,2.7188411611132324,0.03963171724453603
T_quant,145,2,2.9935130034573376,0.048985585775620816
T_quant,145,4,4.756713313981891,0.15698569464245107
T_quant,146,1,2.718667092267424,0.04048980487434111
T_quant,146,2,2.999226354295388,0.04982292337744426
T_quant,146,4,4.785843660356477,0.15932302768823206
T_quant,147,1,2.716254215920344,0.015811240502028718
T_quant,147,2,3.0028593947645277,0.06295346372923173
T_quant,147,4,4.784084219718352,0.13468788477739452
T_quant,148,1,2.723985225893557,0.04102661701838071
T_quant,148,2,2.9903443972580135,0.016584881491592117
T_quant,148,4,4.802361314650625,0.15153403917637534
T_quant,149,1,2.7338003541808575,0.057646878589300884
T_quant,149,2,3.0047148605808616,0.050418468517433
T_quant,149,4,4.822293744655326,0.15650408935881682
T_quant,150,1,2.7302176551893353,0.0327997366265466
T_quant,150,2,3.0081769602838904,0.04216509591480958
T_quant,150,4,4.829204434063286,0.14889863032618458
T_quant,151,1,2.7309110888745636,0.04164414032974847
T_quant,151,2,3.018152784788981,0.0471077952101752
T_quant,151,4,4.892414240166545,0.15449648868163693
T_quant,152,1,2.746707460610196,0.043457628798146374
T_quant,152,2,3.023663511266932,0.05378724810657252
T_quant,152,4,4.919570435304195,0.1558487099456305
T_quant,153,1,2.7380756591446698,0.03009362701760397
T_quant,153,2,3.0222220078576356,0.041061644234643216
T_quant,153,4,4.921872828854248,0.16524435950904773
T_quant,154,1,2.7570439025294036,0.05879500650415024
T_quant,154,2,3.029392270836979,0.04091317583142011
T_quant,154,4,4.934044500114396,0.15980559906854816
T_quant,155,1,2.7627259073778987,0.0770477903291124
T_quant,155,2,3.023546430049464,0.013927743547714316
T_quant,155,4,4.948637014022097,0.15582576403868276
T_quant,156,1,2.7468754327856004,0.02968418891759932
T_quant,156,2,3.035310656996444,0.03100434132401319
T_quant,156,4,4.9510127294342965,0.1521468835907919
T_quant,157,1,2.754476151894778,0.050027075308778604
T_quant,157,2,3.0423262563999742,0.03881496563994048
T_quant,157,4,4.963579956674948,0.15371663030054028
T_quant,158,1,2.7607085718773305,0.05217236519912056
T_quant,158,2,3.0427076702471823,0.02990419668579757
T_quant,158,4,4.969946475466713,0.1498344830051474
T_quant,159,1,2.757720611989498,0.040698180446284
T_quant,159,2,3.047396671026945,0.05225043265111565
T_quant,159,4,4.982738262042403,0.1454221332235573
T_quant,160,1,2.762671165401116,0.040605317235158235
T_quant,160,2,3.0498168105259538,0.022945505583959566
T_quant,160,4,4.9720722425263375,0.07579909914954863
T_quant,161,1,2.8770242794416845,0.12885324831191194
T_quant,161,2,3.138806449715048,0.048201774721739137
T_quant,161,4,5.14291885192506,0.14101608446007208
T_quant,162,1,2.897136473329738,0.10348046284046018
T_quant,162,2,3.130589690990746,0.03784654748732185
T_quant,162,4,5.162503425963223,0.146002302239346
T_quant,163,1,2.865626421989873,0.06049485158754569
T_quant,163,2,3.1263768044300377,0.0331181138810818
T_quant,163,4,5.306891793152317,0.32731755604632845
T_quant,164,1,2.8543663979507983,0.04331237254238591
T_quant,164,2,3.1512606085743755,0.047645852494254015
T_quant,164,4,5.194882943760604,0.16541288479750038
T_quant,165,1,2.862325565656647,0.056283688978129555
T_quant,165,2,3.1580261746421456,0.052827835819188804
T_quant,165,4,5.284948154585436,0.22253854761912015
T_quant,166,1,2.854249953525141,0.03893748354046348
T_quant,166,2,3.1518034311011434,0.04210941582557947
T_quant,166,4,5.225259648868814,0.15769442325506744
T_quant,167,1,2.858439697884023,0.041134529709674766
T_quant,167,2,3.1619757041335106,0.043335639840221325
T_quant,167,4,5.24483687710017,0.17298553687675905
T_quant,168,1,2.8591376822441816,0.03782951076354323
T_quant,168,2,3.1534478429239243,0.05205064035978002
T_quant,168,4,5.221421258756891,0.16100932576358007
T_quant,169,1,2.86960719502531,0.049146336804978
T_quant,169,2,3.1655473599676043,0.07467199022607375
T_quant,169,4,5.214196536689997,0.13469929118402033
T_quant,170,1,2.869871255243197,0.0315242349763884
T_quant,170,2,3.1599452334921807,0.060740465999816654
T_quant,170,4,5.347507058177143,0.2719318748343228
T_quant,171,1,2.866410370916128,0.029775078720400083
T_quant,171,2,3.1571766640990973,0.043380447004701485
T_quant,171,4,5.261878096498549,0.16339248410190244
T_quant,172,1,2.873483783332631,0.040703158700719076
T_quant,172,2,3.1811583403032273,0.03982296679144549
T_quant,172,4,5.310188449220732,0.19326761727574768
T_quant,173,1,2.8743474488146603,0.030126984006962548
T_quant,173,2,3.191733071580529,0.04811224765626606
T_quant,173,4,5.243509489810094,0.11611516213537473
T_quant,174,1,2.8902219119481742,0.05832418992708857
T_quant,174,2,3.1954195559956133,0.04929238236936398
T_quant,174,4,5.33040251233615,0.196079625453932
T_quant,175,1,2.892121057957411,0.05909718899171692
T_quant,175,2,3.193451890256256,0.046560935477264996
T_quant,175,4,5.295114958425984,0.13925662968793862
T_quant,176,1,2.9098304314538836,0.26694586515346647
T_quant,176,2,3.1785685278009623,0.03988498740942056
T_quant,176,4,5.3248078702017665,0.13537045713695378
T_quant,177,1,2.891760132042691,0.04816807285349123
T_quant,177,2,3.2105267199222,0.09632274847710771
T_quant,177,4,5.326433796435595,0.12399952450456819
T_quant,178,1,2.8891920763999224,0.03080349421460663
T_quant,178,2,3.1968538952060044,0.054453481675663176
T_quant,178,4,5.436864891089499,0.19386085223247643
T_quant,179,1,2.8938936069607735,0.02968262745519559
T_quant,179,2,3.194818969350308,0.04184800655383087
T_quant,179,4,5.41814184281975,0.18823354866627492
T_quant,180,1,2.9021340410690755,0.046884780922203835
T_quant,180,2,3.202072143321857,0.04724628549300497
T_quant,180,4,5.497970951255411,0.20706772927196712
T_quant,181,1,2.898262884700671,0.016138647556045244
T_quant,181,2,3.206914495676756,0.05167375578004017
T_quant,181,4,5.525048688286915,0.18878917077268875
T_quant,182,1,2.9031267401296645,0.040883813061577165
T_quant,182,2,3.2009179308079183,0.029781988157563805
T_quant,182,4,5.565387224778533,0.18416444551912547
T_quant,183,1,2.9076867387630045,0.03159821989784035
T_quant,183,2,3.215759372105822,0.049817914734904135
T_quant,183,4,5.64341054414399,0.2751276520326397
T_quant,184,1,2.910546676721424,0.033439804857561026
T_quant,184,2,3.2084725704044104,0.014891660502101636
T_quant,184,4,5.5751946568489075,0.17742276115142597
T_quant,185,1,2.9199515318032354,0.04748067517426074
T_quant,185,2,3.2205805892590433,0.039287151278577466
T_quant,185,4,5.730316345579922,0.2558483737037799
T_quant,186,1,2.914664533454925,0.03096478747483522
T_quant,186,2,3.22534421691671,0.043358796785762606
T_quant,186,4,5.613766555907205,0.20573206775590175
T_quant,187,1,2.9189240315463394,0.04679756150816502
T_quant,187,2,3.2233710237778723,0.029045535159237735
T_quant,187,4,5.624770043650642,0.17161687819586952
T_quant,188,1,2.9239804297685623,0.044000025865602095
T_quant,188,2,3.2325090747326612,0.029703318983076647
T_quant,188,4,5.6585553009063005,0.20404216940957687
T_quant,189,1,2.9288561455905437,0.04912748891885278
T_quant,189,2,3.236435264116153,0.033207687794762845
T_quant,189,4,5.850500778760761,0.2321552062284826
T_quant,190,1,2.933547580614686,0.05033880333471726
T_quant,190,2,3.2420803897548467,0.03944459552471272
T_quant,190,4,5.913006130140275,0.18248695566911882
T_quant,191,1,2.9447300953324884,0.07643416097546368
T_quant,191,2,3.239973068702966,0.016311413156749912
T_quant,191,4,5.7350517669692636,0.24129360306997816
T_quant,192,1,2.928217835724354,0.030758518778537094
T_quant,192,2,3.241308806464076,0.013469916609350275
T_quant,192,4,5.702182750683278,0.21705419548681767
T_quant,193,1,3.1915664859116077,0.04173007445761721
T_quant,193,2,3.5255232616327703,0.07022692102437607
T_quant,193,4,6.159448983380571,0.23098051938934674
T_quant,194,1,3.203262232709676,0.04103254222562418
T_quant,194,2,3.514155822340399,0.016159415081698096
T_quant,194,4,6.152427456108853,0.22898578544440581
T_quant,195,1,3.2146810030099005,0.062371229791664005
T_quant,195,2,3.5203251137863845,0.012680394594376471
T_quant,195,4,6.058720066212118,0.2547849236959224
T_quant,196,1,3.2060905324760824,0.0421891991261604
T_quant,196,2,3.5301953880116343,0.040995095040647536
T_quant,196,4,6.240666942903772,0.27540380322995733
T_quant,197,1,3.2050533150322735,0.0476579506370965
T_quant,197,2,3.5278688627295196,0.03059799865066593
T_quant,197,4,6.143807630287483,0.2491036037299231
T_quant,198,1,3.2116179913282394,0.04679304073123097
T_quant,198,2,3.541898519033566,0.050086869820217025
T_quant,198,4,6.290088708046824,0.21781062895368172
T_quant,199,1,3.228589374339208,0.06432690246901984
T_quant,199,2,3.544514252571389,0.04109526657261402
T_quant,199,4,6.188849632162601,0.24238605465088556
T_quant,200,1,3.2166071608662605,0.0472065997603334
T_quant,200,2,3.551515262806788,0.047262040781802295
T_quant,200,4,6.235486972145736,0.25281745361496677
T_quant,201,1,3.2161757652647793,0.02569622849453039
T_quant,201,2,3.552568347658962,0.04051051830692791
T_quant,201,4,6.344564956380054,0.2133963466756603
T_quant,202,1,3.2171731907874346,0.03969765071603868
T_quant,202,2,3.555326946079731,0.030241892541489557
T_quant,202,4,6.3491126243025064,0.3161197209701539
T_quant,203,1,3.227911312133074,0.06104246656122579
T_quant,203,2,3.5643001296557486,0.04669359396118678
T_quant,203,4,6.250989014515653,0.2617263123120549
T_quant,204,1,3.2305252831429243,0.04537797653357143
T_quant,204,2,3.5718534840270877,0.054892314108597275
T_quant,204,4,6.27461657859385,0.25711967962828747
T_quant,205,1,3.238170926924795,0.09341185996960644
T_quant,205,2,3.564288900233805,0.041332219805799736
T_quant,205,4,6.360772465122864,0.23744039106648662
T_quant,206,1,3.265607161447406,0.3347333678231668
T_quant,206,2,3.572519738227129,0.040959579512063055
T_quant,206,4,6.2176269525662065,0.26533434351484997
T_quant,207,1,3.2327484129928052,0.030621819063765567
T_quant,207,2,3.6134332045912743,0.08412881491349937
T_quant,207,4,6.262989491224289,0.25378621317051897
T_quant,208,1,3.2288648979738355,0.03019503825175574
T_quant,208,2,3.59420822118409,0.0634007848935742
T_quant,208,4,6.350324987433851,0.2666677586856257
T_quant,209,1,3.2344118354376405,0.029378827112975646
T_quant,209,2,3.6127211689017713,0.07008882537298006
T_quant,209,4,6.271323023829609,0.2523277427290991
T_quant,210,1,3.2414925761986524,0.041329654854859704
T_quant,210,2,3.588802150916308,0.01624462839331778
T_quant,210,4,6.363199324114248,0.25000419754330794
T_quant,211,1,3.248625476844609,0.048023653643614446
T_quant,211,2,3.6055207368917763,0.036319879311870064
T_quant,211,4,6.372115332633257,0.2592058071371476
T_quant,212,1,3.245350173674524,0.014418218287789124
T_quant,212,2,3.6247545771766454,0.0654564027038611
T_quant,212,4,6.44523631897755,0.266048270587568
T_quant,213,1,3.239627128932625,0.015699940396824097
T_quant,213,2,3.634832489769906,0.07152253370821135
T_quant,213,4,6.395333601394668,0.2624428208005466
T_quant,214,1,3.2538420730270445,0.04019578597854507
T_quant,214,2,3.6307841178495437,0.05777239581845132
T_quant,214,4,6.308711393503472,0.2519347871431338
T_quant,215,1,3.250491031212732,0.014450174359877681
T_quant,215,2,3.6538039660081267,0.08021228105022435
T_quant,215,4,6.516594277927652,0.2538749629294168
T_quant,216,1,3.2546187937259674,0.030861313237128717
T_quant,216,2,3.6526579700876027,0.07391973008375032
T_quant,216,4,6.430753218010068,0.2815722728724294
T_quant,217,1,3.256356786005199,0.013612566914912812
T_quant,217,2,3.655514008132741,0.07908126245704808
T_quant,217,4,6.508419212186709,0.25105611954372775
T_quant,218,1,3.2705066597554833,0.04791889453840831
T_quant,218,2,3.6527873622253537,0.0565750216876183
T_quant,218,4,6.452669956488535,0.2700301576828514
T_quant,219,1,3.262406069552526,0.014716945542751773
T_quant,219,2,3.662461977219209,0.07508819895895666
T_quant,219,4,6.425959618063644,0.27574723078140095
T_quant,220,1,3.2705811713822186,0.03408190393239719
T_quant,220,2,3.659122745739296,0.05650134087146051
T_quant,220,4,6.543664661003277,0.2840548903612818
T_quant,221,1,3.271748279221356,0.028984512437056287
T_quant,221,2,3.666358772898093,0.06844935113322347
T_quant,221,4,6.5341586887370795,0.28436695930584127
T_quant,222,1,3.271049321629107,0.030743010243517003
T_quant,222,2,3.6863732640631497,0.0863320152934062
T_quant,222,4,6.547985776560381,0.28733759339639053
T_quant,223,1,3.2832550059538335,0.04950131442149935
T_quant,223,2,3.6755613412242383,0.062399248440216444
T_quant,223,4,6.615101384231821,0.27244089844853936
T_quant,224,1,3.2799804396927357,0.03098216992414036
T_quant,224,2,3.6854990129359066,0.07288753532279289
T_quant,224,4,6.459442289778963,0.25334779876788116
T_quant,225,1,3.2808492274489254,0.0310795962926973
T_quant,225,2,3.6910546489525586,0.07611013284765265
T_quant,225,4,6.5788078343030065,0.2629002775228065
T_quant,226,1,3.284183982759714,0.030313355635481556
T_quant,226,2,3.685022268909961,0.06338295047794192
T_quant,226,4,6.537275421433151,0.26454721226012795
T_quant,227,1,3.2894223951734602,0.029461773907151986
T_quant,227,2,3.734691006829962,0.13406425009743247
T_quant,227,4,6.575733307981864,0.2753970284887938
T_quant,228,1,3.2909751823171973,0.015952322760463395
T_quant,228,2,3.6968133877962828,0.06000958917772257
T_quant,228,4,6.553659675410017,0.3244798546234624
T_quant,229,1,3.292097356170416,0.015191629279862043
T_quant,229,2,3.7195234023965895,0.08875871855363043
T_quant,229,4,6.633652731543407,0.28111208212440025
T_quant,230,1,3.296050011413172,0.03346155986576177
T_quant,230,2,3.6946232919581234,0.05069702523987026
T_quant,230,4,6.6418163606431335,0.31834524380069423
T_quant,231,1,3.299683411605656,0.015074963640853629
T_quant,231,2,3.786519418936223,0.1631611669692149
T_quant,231,4,6.616603238508105,0.25692262204388083
T_quant,232,1,3.3022997714579105,0.015034577118161438
T_quant,232,2,3.7290983414277434,0.08063656151091937
T_quant,232,4,6.62147271214053,0.2583563635077799
T_quant,233,1,3.3038328611291945,0.025297292402380725
T_quant,233,2,3.7204047944396734,0.06536345704501263
T_quant,233,4,6.601255831774324,0.25563137773369393
T_quant,234,1,3.3071400749031454,0.0360849005197513
T_quant,234,2,3.720058217877522,0.044803094647054745
T_quant,234,4,6.669175433926284,0.2927942075384304
T_quant,235,1,3.3047265780624,0.03162084068268302
T_quant,235,2,3.7238743563648313,0.04343473046603972
T_quant,235,4,6.72244903864339,0.2787880890714006
T_quant,236,1,3.3049583656247705,0.016012339212740857
T_quant,236,2,3.8034919707570225,0.1790426595156894
T_quant,236,4,6.745148517657071,0.2770563854290886
T_quant,237,1,3.3142083243001252,0.03458275255962159
T_quant,237,2,3.810544104781002,0.18208184302796157
T_quant,237,4,6.796113676391542,0.28441759284556245
T_quant,238,1,3.313275382388383,0.03226609905071818
T_quant,238,2,3.7437110708560795,0.05651577090204182
T_quant,238,4,6.704190848395228,0.2669202506104421
T_quant,239,1,3.3155023283325136,0.015011489559124595
T_quant,239,2,3.739761218894273,0.04873128090985319
T_quant,239,4,6.787168250884861,0.28470077924007603
T_quant,240,1,3.315375726670027,0.015092745102957151
T_quant,240,2,3.7412274768576026,0.021463956488101
T_quant,240,4,6.778478220803663,0.28406307619063176
T_quant,241,1,3.340982182417065,0.10132474728514922
T_quant,241,2,3.8061415776610374,0.5058078250782807
T_quant,241,4,6.720709196524695,0.2537915584857583
T_quant,242,1,3.332370175048709,0.018021059051228153
T_quant,242,2,3.758151070214808,0.053489975735883155
T_quant,242,4,6.745913323247805,0.2526249702848071
T_quant,243,1,3.332723784260452,0.014300674444420873
T_quant,243,2,3.766164085827768,0.05621994312063557
T_quant,243,4,6.872616328764707,0.2956717990483348
T_quant,244,1,3.338081600377336,0.030090657466336296
T_quant,244,2,3.7643141532316804,0.03498500690381788
T_quant,244,4,6.810238884063438,0.266402291516343
T_quant,245,1,3.334828754886985,0.016142235144433147
T_quant,245,2,3.780127502977848,0.06461020541476442
T_quant,245,4,6.83936957269907,0.27695116556053395
T_quant,246,1,3.339564446359873,0.03996032707138052
T_quant,246,2,3.7717996235005558,0.04117225649186917
T_quant,246,4,6.85373262851499,0.2882334501647646
T_quant,247,1,3.344592401990667,0.015365543560882397
T_quant,247,2,3.7943244678899646,0.07396079138431105
T_quant,247,4,6.861730142263696,0.2847219299426474
T_quant,248,1,3.3505898143630475,0.0320041868509399
T_quant,248,2,3.802987332455814,0.06537853622380764
T_quant,248,4,6.861663220915943,0.2987541944056857
T_quant,249,1,3.3503576065413654,0.014030271852871184
T_quant,249,2,3.806216180091724,0.06857542317981496
T_quant,249,4,6.827451274730265,0.24669389780592973
T_quant,250,1,3.353097472572699,0.014667591877501794
T_quant,250,2,3.812582917744294,0.06314759942785653
T_quant,250,4,6.9617768889293075,0.3121024981857786
T_quant,251,1,3.3691913867369294,0.05658412648562291
T_quant,251,2,3.8034262554720044,0.04931277178256804
T_quant,251,4,6.963957968400791,0.2903754051562204
T_quant,252,1,3.355672867037356,0.024874459846607976
T_quant,252,2,3.8227776146959513,0.07534216291162382
T_quant,252,4,6.991272589657456,0.29620344613733307
T_quant,253,1,3.3637820708099753,0.015471961374297682
T_quant,253,2,3.8217689585871994,0.0512575325864277
T_quant,253,4,7.0452006394043565,0.32122104732171325
T_quant,254,1,3.378741581691429,0.041288824244067546
T_quant,254,2,3.8332113542128354,0.06553137383970681
T_quant,254,4,6.994953053072095,0.3022080241576599
T_quant,255,1,3.37238953798078,0.01657994355242305
T_quant,255,2,3.8390642136801034,0.06463421210278592
T_quant,255,4,7.021986023755744,0.2965707654273628
T_quant,256,1,3.3726653968915343,0.01449489160661655
T_quant,256,2,3.839082095073536,0.04732871168755321
T_quant,256,4,7.026732914382592,0.2754541877113606
T_quant,257,1,3.7180331931449473,0.019879374085073717
T_quant,257,2,4.372719550738111,0.16811146119881654
T_quant,257,4,7.495647883042693,0.29267201120438774
T_quant,258,1,3.723275256343186,0.030050299063121188
T_quant,258,2,4.47757970308885,0.13077524454622902
T_quant,258,4,7.4739445094019175,0.30864930457776046
T_quant,259,1,3.727051636669785,0.03446234878267423
T_quant,259,2,4.463067214237526,0.12810274740157712
T_quant,259,4,7.474318525055423,0.28839960822783856
T_quant,260,1,3.729232404148206,0.022836176069097668
T_quant,260,2,4.4482196343597025,0.14613230556191636
T_quant,260,4,7.477050505112857,0.29201837357669863
T_quant,261,1,3.734896823298186,0.020057582031737273
T_quant,261,2,4.495445532957092,0.12432490244700539
T_quant,261,4,7.611051595304161,0.2821836026224275
T_quant,262,1,3.7327783985529095,0.020644143144121906
T_quant,262,2,4.512732834555209,0.10626344178747091
T_quant,262,4,7.438652958953753,0.2702278813905032
T_quant,263,1,3.736104518175125,0.022632984276538655
T_quant,263,2,4.471055816393346,0.14283604301113875
T_quant,263,4,7.4799075233750045,0.2848073025449117
T_quant,264,1,3.740437366068363,0.022480449057990765
T_quant,264,2,4.464757244568318,0.15163876347848684
T_quant,264,4,7.478325415868312,0.26490737366538986
T_quant,265,1,3.7459189735818654,0.021202135093137633
T_quant,265,2,4.483157108770683,0.13679476493224524
T_quant,265,4,7.620086228707805,0.29592314175574547
T_quant,266,1,3.7491837597917765,0.023289813149403003
T_quant,266,2,4.504578107735142,0.14315204529053607
T_quant,266,4,7.553719334537163,0.2916257498680999
T_quant,267,1,3.7520921835675836,0.02299122953132023
T_quant,267,2,4.50999487307854,0.13048292818611076
T_quant,267,4,7.633987762965262,0.2873429879948167
T_quant,268,1,3.7534391542430967,0.032369062269453824
T_quant,268,2,4.504490799736232,0.13673642423638763
T_quant,268,4,7.457283869152889,0.24402189436355498
T_quant,269,1,3.7584888620767742,0.023752070577365985
T_quant,269,2,4.464725757716224,0.16355584698499967
T_quant,269,4,7.402799031697214,0.1528617847369914
T_quant,270,1,3.7687132111750543,0.036502857141391724
T_quant,270,2,4.420495736412704,0.16692068527352238
T_quant,270,4,7.708698125788942,0.2969118340942924
T_quant,271,1,3.7679810996633023,0.02949110672409454
T_quant,271,2,4.465617367532104,0.1591131934452179
T_quant,271,4,7.6802597718779,0.27504696492859104
T_quant,272,1,3.7671109498478472,0.02355047052484488
T_quant,272,2,4.4799332588445395,0.15347266593940023
T_quant,272,4,7.596943255048245,0.2702442128499598
T_quant,273,1,3.7729772948659956,0.02266304038672155
T_quant,273,2,4.475599188590422,0.1566368009232932
T_quant,273,4,7.523494614288211,0.18734372408827413
T_quant,274,1,3.7867083912715316,0.04056413890326834
T_quant,274,2,4.45121715310961,0.15944944658614998
T_quant,274,4,7.643709852127358,0.27176525230054627
T_quant,275,1,3.7933235324453562,0.034664031989399956
T_quant,275,2,4.443805497139692,0.16302881349408663
T_quant,275,4,7.771977077936754,0.28256551147264347
T_quant,276,1,3.7962488317862153,0.04983332557980195
T_quant,276,2,4.42471475340426,0.1667897865599222
T_quant,276,4,7.653070974629372,0.24772745939971821
T_quant,277,1,3.792333590099588,0.018669826867533025
T_quant,277,2,4.355986856389791,0.15128267136223236
T_quant,277,4,7.723112830426544,0.2762212640217622
T_quant,278,1,3.803913703886792,0.026772724531001817
T_quant,278,2,4.482415369711816,0.16518562119404892
T_quant,278,4,7.791901498567313,0.29812265639867386
T_quant,279,1,3.805978790624067,0.03218998358181737
T_quant,279,2,4.461879936279729,0.16995453907930716
T_quant,279,4,7.769449051702395,0.28924888904397195
T_quant,280,1,3.806278870906681,0.026567026102245078
T_quant,280,2,4.417138921562582,0.13809789131933783
T_quant,280,4,7.680099754361436,0.2231210645404249
T_quant,281,1,3.807962406426668,0.026412648115625475
T_quant,281,2,4.438066259026527,0.1482950880833083
T_quant,281,4,7.759743640199304,0.2657807735139451
T_quant,282,1,3.81276180036366,0.02092823825330592
T_quant,282,2,4.524534890661016,0.16739471659065983
T_quant,282,4,7.757073623361066,0.2466983891377845
T_quant,283,1,3.8206844578962773,0.027928876524152157
T_quant,283,2,4.466037233360112,0.15041724368513879
T_quant,283,4,7.792835888685659,0.2712683027742477
T_quant,284,1,3.8220390654169023,0.027351623663136194
T_quant,284,2,4.505121192196384,0.1662504122512074
T_quant,284,4,7.864839704707265,0.2755575961094751
T_quant,285,1,3.823834878858179,0.028786300981223225
T_quant,285,2,4.4636083813384175,0.15403110952625831
T_quant,285,4,7.926460694288835,0.2816123867648811
T_quant,286,1,3.833436262793839,0.03445492643006295
T_quant,286,2,4.461026269709691,0.14985977190586924
T_quant,286,4,7.908674530917779,0.2901143358029444
T_quant,287,1,3.836486211512238,0.04568580583813713
T_quant,287,2,4.517024693777785,0.16790825567880477
T_quant,287,4,7.847488087136298,0.2533102877918046
T_quant,288,1,3.8412725983653218,0.02895331129231301
T_quant,288,2,4.4960829813499,0.15763797434814653
T_quant,288,4,7.8888524998910725,0.2626068339044887
T_quant,289,1,3.9517421543132514,0.02931348251119075
T_quant,289,2,4.746315005468205,0.16148911290117682
T_quant,289,4,8.710746981669217,0.2762694001198214
T_quant,290,1,3.9556202001404017,0.031234484727104495
T_quant,290,2,4.787252120440826,0.1354679650004854
T_quant,290,4,8.782398372422904,0.08664136293635405
T_quant,291,1,3.9641125267371535,0.039359789166043296
T_quant,291,2,4.77850059629418,0.1421901779294649
T_quant,291,4,8.787731601623818,0.06841163088882472
T_quant,292,1,3.965158215723932,0.06368332493244354
T_quant,292,2,4.791624306235462,0.13527812333773181
T_quant,292,4,8.805495002306998,0.0753134760225478
T_quant,293,1,4.006106958258897,0.10693618844499272
T_quant,293,2,4.850553683936596,0.05402878694684235
T_quant,293,4,8.82453199941665,0.060407071764404956
T_quant,294,1,3.9712329348549247,0.03687191368317159
T_quant,294,2,4.811822916381061,0.1222240483170465
T_quant,294,4,8.836110751144588,0.07645245822424193
T_quant,295,1,3.9845636882819235,0.034117073179389695
T_quant,295,2,4.834772888571024,0.11043203277272119
T_quant,295,4,8.85137049946934,0.06575029294950563
T_quant,296,1,3.9675743179395795,0.02710785315766799
T_quant,296,2,4.815808613784611,0.12598634412006132
T_quant,296,4,8.873642989201471,0.09918209786660347
T_quant,297,1,3.9845415530726314,0.03146517982861045
T_quant,297,2,4.744741504546255,0.16150363187000183
T_quant,297,4,8.886483219685033,0.09199728095110163
T_quant,298,1,3.995423319283873,0.04121742712929663
T_quant,298,2,4.823515551397577,0.13132923513899217
T_quant,298,4,8.915306566050276,0.09470606659762178
T_quant,299,1,3.992436056723818,0.032960324304818794
T_quant,299,2,4.814673541113734,0.14307279710154916
T_quant,299,4,8.912886133184657,0.06365249315568133
T_quant,300,1,4.000853400211781,0.053247862475730615
T_quant,300,2,4.769727624952793,0.16501288470299427
T_quant,300,4,8.932643475709483,0.08511897319623869
T_quant,301,1,3.9952089230064303,0.0600382793468804
T_quant,301,2,4.736874169902876,0.16429952449084798
T_quant,301,4,8.94245800212957,0.07163283968777291
T_quant,302,1,4.008847461082041,0.04226220434922505
T_quant,302,2,4.783372667152435,0.1655925023818023
T_quant,302,4,8.965153691824526,0.06848549807379627
T_quant,303,1,4.001574751455337,0.06227700464024247
T_quant,303,2,4.70596436294727,0.16593501475746172
T_quant,303,4,8.310837275348604,0.3947757048193692
T_quant,304,1,3.999520563520491,0.03808623955025816
T_quant,304,2,4.786950628040358,0.16830502400520997
T_quant,304,4,8.999040148919448,0.07378989266359384
T_quant,305,1,4.019092353992164,0.04148517212671198
T_quant,305,2,4.732294987188652,0.16642877138256232
T_quant,305,4,9.008670997573063,0.07273077078868757
T_quant,306,1,4.01849364163354,0.039329141123469684
T_quant,306,2,4.6889097697567195,0.17189257509429853
T_quant,306,4,9.023563027149066,0.07571938430906014
T_quant,307,1,4.02494469191879,0.04843062361112542
T_quant,307,2,4.681424857117236,0.16963295429410813
T_quant,307,4,8.888561896746978,0.2690292856801087
T_quant,308,1,4.026732803322375,0.043071533729316915
T_quant,308,2,4.686539083486423,0.1689305025606793
T_quant,308,4,8.590895825764164,0.47771321318775717
T_quant,309,1,4.021875488106161,0.03742977609505489
T_quant,309,2,4.680872814496979,0.17340518350360518
T_quant,309,4,9.014959436608478,0.0616097178485583
T_quant,310,1,4.0373281424399465,0.04268960569196905
T_quant,310,2,4.686346483649686,0.16769294449926994
T_quant,310,4,9.03422838775441,0.08435941370855421
T_quant,311,1,4.035170264542103,0.03666227313565994
T_quant,311,2,4.621027907123789,0.12142533851004361
T_quant,311,4,9.053824912989512,0.07901395920373414
T_quant,312,1,4.0397031884640455,0.04331250192567143
T_quant,312,2,4.620618969202042,0.12799379136544836
T_quant,312,4,9.070095747010782,0.0954098698897405
T_quant,313,1,4.042217107489705,0.04161815345953293
T_quant,313,2,4.647668183315545,0.13623615961858696
T_quant,313,4,9.077322382945567,0.059023906689653245
T_quant,314,1,4.0456770290620625,0.03747229811649894
T_quant,314,2,4.657741949195042,0.14656061537714976
T_quant,314,4,9.092976674437523,0.06945208820548161
T_quant,315,1,4.047963381744921,0.03729543050468003
T_quant,315,2,4.691057599848136,0.16272508459081522
T_quant,315,4,9.108855894301087,0.0636561293050433
T_quant,316,1,4.05464097391814,0.036624000899318325
T_quant,316,2,4.683332417625934,0.15486737588886101
T_quant,316,4,9.11925669410266,0.057700931833731546
T_quant,317,1,4.060395008418709,0.04193026833088648
T_quant,317,2,4.654380694264546,0.12597661330199475
T_quant,317,4,9.159554779762402,0.11805738442554681
T_quant,318,1,4.061619021231309,0.03869540231673791
T_quant,318,2,4.688981371000409,0.1373538719700052
T_quant,318,4,9.197079479927197,0.12917404161028764
T_quant,319,1,4.067314121639356,0.04102855129767472
T_quant,319,2,4.687248968984932,0.14554732410904103
T_quant,319,4,9.18522872379981,0.0884166194062043
T_quant,320,1,4.077749835560098,0.04572919390339991
T_quant,320,2,4.676677271490917,0.12667520184436398
T_quant,320,4,9.196038141380996,0.07998019422539138
T_quant,321,1,4.321391572011635,0.10851686861282231
T_quant,321,2,5.011204417096451,0.20529687563250457
T_quant,321,4,9.002557015046477,0.13869653575485347
T_quant,322,1,4.402537802234292,0.1141227239689094
T_quant,322,2,5.031192627502605,0.2109741940223004
T_quant,322,4,9.479400691343471,0.19475172962552204
T_quant,323,1,4.365002628182992,0.12284490223801456
T_quant,323,2,4.928984644357115,0.17348475266955252
T_quant,323,4,9.546000313712284,0.10012155494751036
T_quant,324,1,4.373536839848384,0.08026808227853316
T_quant,324,2,4.9380741629283875,0.17839268613490555
T_quant,324,4,9.55903880414553,0.08293433571519382
T_quant,325,1,4.286057581193745,0.0406657697299268
T_quant,325,2,4.985175627516583,0.1998454669550877
T_quant,325,4,9.561952827498317,0.07555498143384938
T_quant,326,1,4.316317914053798,0.06315091541598065
T_quant,326,2,4.911826452007517,0.13806898113366153
T_quant,326,4,9.213719312101603,0.3010722514115376
T_quant,327,1,4.387594972504303,0.04148479075654574
T_quant,327,2,5.2353947586379945,0.14445120443292053
T_quant,327,4,9.020793115487322,0.12940835866695188
T_quant,328,1,4.287627951707691,0.013137428873405053
T_quant,328,2,5.038326539797708,0.20677418577917095
T_quant,328,4,9.05430968850851,0.08008962073061165
T_quant,329,1,4.369510228279978,0.04141968370744142
T_quant,329,2,4.937506434507668,0.15139512622493295
T_quant,329,4,9.082054068567231,0.10131733712327454
T_quant,330,1,4.388906889362261,0.013912144046515881
T_quant,330,2,4.941162472823635,0.15238997195949366
T_quant,330,4,9.09106855513528,0.07634756310640996
T_quant,331,1,4.332302435068414,0.05248957648315622
T_quant,331,2,5.230499601457268,0.159633238649766
T_quant,331,4,9.11905063316226,0.10435419704192307
T_quant,332,1,4.404149054316804,0.03746221371784418
T_quant,332,2,4.98249901458621,0.17882361734545513
T_quant,332,4,9.148717580828816,0.1027804661220908
T_quant,333,1,4.304463060107082,0.014319118846599106
T_quant,333,2,5.2955794357694685,0.08136493612029957
T_quant,333,4,9.145996272563934,0.09150792066696248
T_quant,334,1,4.408387220464647,0.03484596987581219
T_quant,334,2,4.9045124219264835,0.07351967027487379
T_quant,334,4,9.170561388600618,0.11800924905835489
T_quant,335,1,4.320655859773979,0.05214999985928542
T_quant,335,2,4.909532357705757,0.0750092377370971
T_quant,335,4,9.169786953134462,0.07040485999277614
T_quant,336,1,4.411136592971161,0.03397196262518876
T_quant,336,2,5.303143406054005,0.1251449532127905
T_quant,336,4,9.193201020825654,0.07603379648419038
T_quant,337,1,4.320830588694662,0.02887659800245032
T_quant,337,2,5.6057387858163565,0.12027893342681706
T_quant,337,4,9.191941142780706,0.06963892801892778
T_quant,338,1,4.319731321884319,0.02817667704142884
T_quant,338,2,5.164478231454268,0.23347509565824343
T_quant,338,4,9.211438967613503,0.07696748969239776
T_quant,339,1,4.389216138515621,0.04571179639504834
T_quant,339,2,5.013943566009402,0.1664014374602398
T_quant,339,4,9.297482328256592,0.10940902102335746
T_quant,340,1,4.321670942008495,0.01372383714600565
T_quant,340,2,4.967772085219622,0.10728422112078934
T_quant,340,4,9.312372786225751,0.11119018708409427
T_quant,341,1,4.329705883283168,0.014312408665921789
T_quant,341,2,4.9577226815745234,0.09576298462427336
T_quant,341,4,9.256986154941842,0.03842746317341654
T_quant,342,1,4.437394959386438,0.040138034398349745
T_quant,342,2,5.069532748311758,0.18546470441760185
T_quant,342,4,9.279246818041429,0.0616476228294578
T_quant,343,1,4.343455168418586,0.013515308533047377
T_quant,343,2,5.263379575917497,0.19634871029657938
T_quant,343,4,9.294909110758454,0.07519383654683116
T_quant,344,1,4.413654819363728,0.049906439600307884
T_quant,344,2,5.136392137501389,0.24495381049107082
T_quant,344,4,9.332401839783415,0.09056650631586187
T_quant,345,1,4.3480685784015805,0.012579317807645861
T_quant,345,2,5.00791501137428,0.1341938388479217
T_quant,345,4,9.332247570855543,0.07978470713123567
T_quant,346,1,4.349363745423034,0.027640930234056966
T_quant,346,2,4.967866231454536,0.08693569875066241
T_quant,346,4,9.349348898977041,0.06990386960459648
T_quant,347,1,4.355527653824538,0.013836066335881515
T_quant,347,2,4.976329350611195,0.07841861784613163
T_quant,347,4,9.36259482987225,0.06006969607169174
T_quant,348,1,4.366698665544391,0.047438387208488385
T_quant,348,2,4.98108391999267,0.07328464037884896
T_quant,348,4,9.386585634201765,0.07641453074655155
T_quant,349,1,4.443644607672468,0.07014718987021028
T_quant,349,2,4.978515609400347,0.06071498833231004
T_quant,349,4,9.39386981073767,0.06105163575965441
T_quant,350,1,4.4845874782186,0.0452550861366464
T_quant,350,2,5.028911225963384,0.13773137247500206
T_quant,350,4,9.403843303443864,0.05161409044250515
T_quant,351,1,4.4359955680556595,0.08922419797975537
T_quant,351,2,5.0045867171138525,0.08727444572915839
T_quant,351,4,9.426050699548796,0.10542370872411531
T_quant,352,1,4.446442420594394,0.1124018284162987
T_quant,352,2,5.042312241857871,0.1361302617136328
T_quant,352,4,9.455319566186517,0.13301752513540963
T_quant,353,1,4.509076847461984,0.11589473045793877
T_quant,353,2,5.008644618792459,0.07452537517980178
T_quant,353,4,9.556771254865453,0.23026504421943056
T_quant,354,1,4.514205745654181,0.07723027138127764
T_quant,354,2,5.4040719429031014,0.10153010483462097
T_quant,354,4,9.551372206769884,0.12944066555133044
T_quant,355,1,4.527509693289176,0.08945920304350272
T_quant,355,2,5.42543092276901,0.08786476838246417
T_quant,355,4,9.561858997913077,0.18664195880852408
T_quant,356,1,4.494737101485953,0.15695251790694528
T_quant,356,2,5.441071804380044,0.06580065788323859
T_quant,356,4,9.534479246940464,0.103451313400624
T_quant,357,1,4.489317298866808,0.03803264198063224
T_quant,357,2,5.028864397900179,0.08108669872342147
T_quant,357,4,9.545167352771387,0.09588498338933525
T_quant,358,1,4.39733877661638,0.037555512914027846
T_quant,358,2,5.212918485049158,0.2123212559905046
T_quant,358,4,9.55838353605941,0.0864391103241378
T_quant,359,1,4.451926974579692,0.09637756711698377
T_quant,359,2,5.033221900230274,0.07287731674624932
T_quant,359,4,9.565199028002098,0.08454117982205973
T_quant,360,1,4.522609070409089,0.06510059981782888
T_quant,360,2,5.044018516782671,0.08369481263027843
T_quant,360,4,9.568109087413177,0.07057797302192814
T_quant,361,1,4.406116399914026,0.029340732765618622
T_quant,361,2,5.409059589728713,0.13885640878520045
T_quant,361,4,9.587846589274704,0.06525324422584242
T_quant,362,1,4.409669373417273,0.04432471072319432
T_quant,362,2,5.405694374348968,0.15419665555344625
T_quant,362,4,9.6227031131275,0.08392425316877541
T_quant,363,1,4.405493794474751,0.01457131581526926
T_quant,363,2,5.2068723645061255,0.19902326841081155
T_quant,363,4,9.654701882973313,0.0984631991275315
T_quant,364,1,4.499382852809504,0.06737204583354038
T_quant,364,2,5.053587289294228,0.041296793351651664
T_quant,364,4,9.664845679653808,0.08808178345866018
T_quant,365,1,4.414382423274219,0.013987858192991592
T_quant,365,2,5.387116704368964,0.16703544142149204
T_quant,365,4,9.666466455673799,0.08894027497920205
T_quant,366,1,4.543491612421349,0.03367540058282948
T_quant,366,2,5.332257328554988,0.20997773677099452
T_quant,366,4,9.674858304206282,0.06931910170733331
T_quant,367,1,4.54275241587311,0.047544568024228184
T_quant,367,2,5.457723540021107,0.11181797627103245
T_quant,367,4,9.706816689576954,0.08710798173189747
T_quant,368,1,4.42304304568097,0.013454118094059367
T_quant,368,2,5.358121353201568,0.19355040577804503
T_quant,368,4,9.717075288062915,0.07307968375571543
T_quant,369,1,4.540159796597436,0.04521040070657702
T_quant,369,2,5.3570996155031025,0.20965562388441952
T_quant,369,4,9.721466596238315,0.05839436515789845
T_quant,370,1,4.5029809908010066,0.06924526152262887
T_quant,370,2,5.242845080792904,0.19996076437667232
T_quant,370,4,9.740473770070821,0.06268630068338281
T_quant,371,1,4.55415831762366,0.0431048528107437
T_quant,371,2,5.420560507336631,0.1629242195968584
T_quant,371,4,9.754072746727616,0.06578078990612705
T_quant,372,1,4.579042467521504,0.04920459522517152
T_quant,372,2,5.361224437365308,0.19926080752237738
T_quant,372,4,9.775493566412479,0.07950969764259844
T_quant,373,1,4.5588498713914305,0.04560344119509651
T_quant,373,2,5.338080078363419,0.1865906440875797
T_quant,373,4,9.795470376266167,0.06994549026161191
T_quant,374,1,4.507780217099935,0.06976566625895544
T_quant,374,2,5.387878561159596,0.19063009525569619
T_quant,374,4,9.811601421097293,0.06970936660487316
T_quant,375,1,4.580983343767002,0.024442923549632935
T_quant,375,2,5.276142000220716,0.20326495642432604
T_quant,375,4,9.812110880156979,0.05079746137047786
T_quant,376,1,4.453043793328106,0.012872389957882655
T_quant,376,2,5.3428945783525705,0.19405412470362665
T_quant,376,4,9.850471327081323,0.07451886400077345
T_quant,377,1,4.587773153325543,0.046423185993979064
T_quant,377,2,5.28672068961896,0.18801929433946168
T_quant,377,4,9.877696626354009,0.09631012060912263
T_quant,378,1,4.456390091218054,0.011884079344788941
T_quant,378,2,5.371263577835634,0.19103585540961596
T_quant,378,4,9.878283919533715,0.08469935581207161
T_quant,379,1,4.586354218190536,0.04858140116306249
T_quant,379,2,5.404427001485601,0.18635475294932455
T_quant,379,4,9.89432311966084,0.07929901522056458
T_quant,380,1,4.5985424623358995,0.0457009114165399
T_quant,380,2,5.353175912750885,0.20357389421783853
T_quant,380,4,9.91250797524117,0.07987964813798229
T_quant,381,1,4.573053589556366,0.056289266017591676
T_quant,381,2,5.316421622410417,0.18418516799643614
T_quant,381,4,9.94315217481926,0.0917415640639789
T_quant,382,1,4.567084178561345,0.06153037363749127
T_quant,382,2,5.313344683963805,0.18082470510020848
T_quant,382,4,9.953574083046988,0.08896095199459085
T_quant,383,1,4.606671977089718,0.035544073980049315
T_quant,383,2,5.342603619210422,0.18494272825825067
T_quant,383,4,9.95893647777848,0.08403422085334489
T_quant,384,1,4.541003537597135,0.0629564431925724
T_quant,384,2,5.364118802826852,0.19578745445749926
T_quant,384,4,9.968420366058126,0.05464697814936192
T_quant,385,1,4.98197294655256,0.10516264532938419
T_quant,385,2,5.839781475951895,0.21509853077643995
T_quant,385,4,10.359093371080235,0.0932737731307091
T_quant,386,1,4.912288250634447,0.12144736424689441
T_quant,386,2,5.781966368667781,0.16992108535737416
T_quant,386,4,10.372650675708428,0.09853638740947371
T_quant,387,1,4.984875462250784,0.10427067669888099
T_quant,387,2,5.84222283330746,0.16074900015084317
T_quant,387,4,10.389959689928219,0.09127835936018164
T_quant,388,1,4.994417786365375,0.068232193118722
T_quant,388,2,5.791701474227011,0.1585154624288696
T_quant,388,4,10.394887834554538,0.067441831740363
T_quant,389,1,4.968526142183691,0.04384970618157692
T_quant,389,2,5.756375330965966,0.161174201881876
T_quant,389,4,10.377347045578063,0.06270623934194662
T_quant,390,1,4.85799569170922,0.09388657628580103
T_quant,390,2,5.804242074955255,0.1423243046121838
T_quant,390,4,10.400175186805427,0.08344536926735671
T_quant,391,1,4.906382792396471,0.11147585431612395
T_quant,391,2,5.964711997658014,0.07167529044833663
T_quant,391,4,10.416587548097596,0.08704204692033621
T_quant,392,1,4.954536402365193,0.11751335070252347
T_quant,392,2,5.93286965158768,0.12752403707299315
T_quant,392,4,10.424622863065451,0.07381954763234289
T_quant,393,1,4.963330497266725,0.12140844546129015
T_quant,393,2,5.737179209245369,0.1785958740441003
T_quant,393,4,10.452117611421272,0.07968175717111803
T_quant,394,1,4.9378194694872946,0.1208626850832634
T_quant,394,2,5.910083430353552,0.18768806790378303
T_quant,394,4,10.458700145827606,0.06960420519884498
T_quant,395,1,4.931217962875962,0.11909497951143387
T_quant,395,2,5.90323249460198,0.14106222398299187
T_quant,395,4,10.46890053898096,0.0711487081351207
T_quant,396,1,4.934372315183282,0.10956190327942229
T_quant,396,2,5.776692341314629,0.18542320697913067
T_quant,396,4,10.518263865960762,0.28569459532317387
T_quant,397,1,4.965871326858178,0.10485863873923286
T_quant,397,2,5.871268333867192,0.1465018375904163
T_quant,397,4,10.52048143115826,0.08328003006228031
T_quant,398,1,5.000905969645828,0.08721145419543488
T_quant,398,2,5.820996962720528,0.1658628995240563
T_quant,398,4,10.52033452433534,0.05565123006665357
T_quant,399,1,5.012368245515972,0.10936056740909764
T_quant,399,2,5.782676121452823,0.16902511427801328
T_quant,399,4,10.549224716378376,0.08919206949046976
T_quant,400,1,4.972638409817591,0.15738248115414571
T_quant,400,2,5.780596653930843,0.17576892600277758
T_quant,400,4,10.578475734218955,0.10615175491677391
T_quant,401,1,4.956559545826167,0.14237905940885087
T_quant,401,2,5.83685826510191,0.15688849807930244
T_quant,401,4,10.554088776698336,0.10614092721799814
T_quant,402,1,4.930032154079527,0.12356764368935824
T_quant,402,2,5.871583374682814,0.16386332427399497
T_quant,402,4,10.621625038329512,0.10338306861935975
T_quant,403,1,4.944503294536844,0.11224326836102885
T_quant,403,2,5.883246614830568,0.1712988026632286
T_quant,403,4,10.655863592401147,0.1234833305702022
T_quant,404,1,5.050384035566822,0.24087202746408481
T_quant,404,2,5.817972577642649,0.167641211822839
T_quant,404,4,10.658855265937746,0.11542061185440868
T_quant,405,1,4.937539107631892,0.11340570720082664
T_quant,405,2,5.788713900838047,0.17130706000058946
T_quant,405,4,10.657576181693003,0.10311911489046913
T_quant,406,1,5.062234166543931,0.06989556222568181
T_quant,406,2,5.873131959233433,0.18154369233807788
T_quant,406,4,10.655379617819563,0.07018897339568149
T_quant,407,1,5.008724671788514,0.13990015157661748
T_quant,407,2,5.883547489065677,0.16956028472663345
T_quant,407,4,10.663437028415501,0.06647771926444124
T_quant,408,1,5.019546844996512,0.1406682485021848
T_quant,408,2,5.8841662493068725,0.1520806515303239
T_quant,408,4,10.687619738746434,0.07122444254687695
T_quant,409,1,5.042505535529926,0.08357754189940579
T_quant,409,2,5.900613882113248,0.1823012376580188
T_quant,409,4,10.705993808805943,0.07749986358250528
T_quant,410,1,4.930194049375132,0.0943558603098636
T_quant,410,2,5.855509042739868,0.1640335013963987
T_quant,410,4,10.711071968544275,0.06664790282130939
T_quant,411,1,4.883007776224986,0.03968768676388801
T_quant,411,2,5.875879894010723,0.17643939475251535
T_quant,411,4,10.733590505551547,0.06397814924930419
T_quant,412,1,5.047482668887824,0.08358742696118747
T_quant,412,2,5.940192398848012,0.18502354292082365
T_quant,412,4,10.75761943939142,0.07130148103538282
T_quant,413,1,4.902320094406605,0.0858665690011054
T_quant,413,2,5.851452657952905,0.1772039690145153
T_quant,413,4,10.768075148807839,0.07919337726583335
T_quant,414,1,4.993910427438095,0.1126580409577302
T_quant,414,2,5.923722004517913,0.16576124334008338
T_quant,414,4,10.77825156506151,0.0562982857227544
T_quant,415,1,4.911852688528597,0.07919788119523934
T_quant,415,2,5.868558796355501,0.1809104786915658
T_quant,415,4,10.79466624185443,0.05721325575895823
T_quant,416,1,4.957712721079588,0.1122894544735767
T_quant,416,2,5.860213357955217,0.17877649087370107
T_quant,416,4,10.811974636744708,0.07417305479958412
T_quant,417,1,4.979810963850468,0.12160402485381197
T_quant,417,2,5.875890429597348,0.179001488510371
T_quant,417,4,10.84476130316034,0.08028638497706472
T_quant,418,1,5.079450097400695,0.04897774318333863
T_quant,418,2,5.854746107943356,0.17971206528748698
T_quant,418,4,10.857623594347388,0.09841475053033882
T_quant,419,1,5.02335429075174,0.11574740353211069
T_quant,419,2,5.903958946000785,0.1841959912582054
T_quant,419,4,10.865448588738218,0.050534665568986246
T_quant,420,1,4.944291810970753,0.11145981244288171
T_quant,420,2,5.86915654479526,0.164884204245637
T_quant,420,4,10.874016103334725,0.0689701690482395
T_quant,421,1,4.936777867842466,0.08262765700332309
T_quant,421,2,5.914792934199795,0.18177128750458071
T_quant,421,4,10.893356750020757,0.047865960943861884
T_quant,422,1,4.930435565765947,0.06969828494963512
T_quant,422,2,5.877042124047875,0.18322498983708718
T_quant,422,4,10.913299075327814,0.05605161282183549
T_quant,423,1,5.045480316039175,0.10865622006654604
T_quant,423,2,5.903486624592915,0.1801229570573325
T_quant,423,4,10.929796270793304,0.05024136968802999
T_quant,424,1,4.98099948046729,0.10712340766140452
T_quant,424,2,5.882115794811398,0.16499474838900194
T_quant,424,4,10.956879769219086,0.08711953732144787
T_quant,425,1,5.049382137367502,0.13030563806603926
T_quant,425,2,5.902326254872605,0.17026126466160527
T_quant,425,4,10.972518289927393,0.06610917316895693
T_quant,426,1,5.148924234090373,0.08126543730443087
T_quant,426,2,5.949177193688229,0.1811319951596739
T_quant,426,4,10.978854132117704,0.047906392483673184
T_quant,427,1,4.948037748690695,0.06939395387139821
T_quant,427,2,5.9984707774128765,0.1859426628447694
T_quant,427,4,11.0071268142201,0.06885668427116004
T_quant,428,1,5.160677281673998,0.07611203872106699
T_quant,428,2,5.944732234347612,0.19298499056811233
T_quant,428,4,11.029452903894708,0.0767629141636376
T_quant,429,1,4.954652574378997,0.08778128088676042
T_quant,429,2,5.953353786608204,0.17486485256886275
T_quant,429,4,11.037272798130289,0.07165533095810496
T_quant,430,1,4.9987625842913985,0.3399694649251104
T_quant,430,2,6.042475536232814,0.17014437363199755
T_quant,430,4,11.050826673163101,0.06438515464014741
T_quant,431,1,4.977250347146764,0.0827599320349931
T_quant,431,2,6.081628977553919,0.1480212254814856
T_quant,431,4,11.090186826186255,0.09826628833392423
T_quant,432,1,4.961631911573932,0.06972298063995097
T_quant,432,2,5.97756334929727,0.17909559863761676
T_quant,432,4,11.106276254868135,0.10961163519480233
T_quant,433,1,4.96009235852398,0.05229756174370953
T_quant,433,2,6.109938444569707,0.16178349137048226
T_quant,433,4,11.102220850298181,0.07517082590222404
T_quant,434,1,4.993271011626348,0.08417402633187727
T_quant,434,2,6.1064490443095565,0.11942659397561799
T_quant,434,4,11.141885404940695,0.09997882198960911
T_quant,435,1,5.0206149951554835,0.10002861382188626
T_quant,435,2,6.011954131536186,0.1774337457549865
T_quant,435,4,11.151258260942996,0.09198777270987778
T_quant,436,1,5.186772976303473,0.07356614117440109
T_quant,436,2,6.0219987749587744,0.18658946428527842
T_quant,436,4,11.188303494127467,0.10413801651962422
T_quant,437,1,4.968919937964529,0.026985712601145736
T_quant,437,2,5.990944990189746,0.19510450949356695
T_quant,437,4,11.198417238192633,0.10333259479028682
T_quant,438,1,5.192619162844494,0.07577623418094535
T_quant,438,2,6.154777774354443,0.09418183391642279
T_quant,438,4,11.189422230236232,0.07378091352312051
T_quant,439,1,5.22007072228007,0.08699734801540185
T_quant,439,2,6.045899976743385,0.2063409107154303
T_quant,439,4,11.207888376666233,0.08069425245874169
T_quant,440,1,5.22019577329047,0.06557013301981257
T_quant,440,2,6.129295127466321,0.16059524327089847
T_quant,440,4,11.225169566459954,0.07419747412024867
T_quant,441,1,5.20269674481824,0.09531847076160277
T_quant,441,2,6.145609606755897,0.12950894413677505
T_quant,441,4,11.234603632474318,0.04740282222953106
T_quant,442,1,4.99788703629747,0.0811446436321839
T_quant,442,2,6.1278417077846825,0.13098328474600981
T_quant,442,4,11.277185945073143,0.29319726265378376
T_quant,443,1,5.013453244464472,0.10303462226653828
T_quant,443,2,6.151692941784859,0.12611666667360566
T_quant,443,4,11.277512358501554,0.07045147709456122
T_quant,444,1,4.994286049623042,0.051775960312544486
T_quant,444,2,6.185624524950981,0.14049310428292003
T_quant,444,4,11.304230043897405,0.08855529553493502
T_quant,445,1,5.226762569509447,0.06826091766940455
T_quant,445,2,6.118375435471535,0.16336564121009609
T_quant,445,4,11.298504630103707,0.03797008439103028
T_quant,446,1,5.215420748572797,0.08666946267218809
T_quant,446,2,6.121342722326517,0.16607553571863046
T_quant,446,4,11.328751334222034,0.0667190754097091
T_quant,447,1,5.243580094538629,0.07648657237562308
T_quant,447,2,6.177364275790751,0.11094110059267782
T_quant,447,4,11.330638433573768,0.018363250336823265
T_quant,448,1,5.227418825961649,0.0823356732931447
T_quant,448,2,6.205754749244079,0.07819511510720034
T_quant,448,4,11.363454865058884,0.07315240945090275
T_quant,449,1,5.4819488117937,0.16425808990758864
T_quant,449,2,6.4962067059241235,0.05687624674366148
T_quant,449,4,11.679291436448693,0.07917894954388155
T_quant,450,1,5.4253298591356725,0.1579607436052079
T_quant,450,2,6.523291257908568,0.0873215240079895
T_quant,450,4,11.682366982568055,0.05701203578955794
T_quant,451,1,5.41462181485258,0.1415715856943677
T_quant,451,2,6.54117519618012,0.10785029689104626
T_quant,451,4,11.726694328244776,0.10412164667067275
T_quant,452,1,5.44805436511524,0.16775390085423314
T_quant,452,2,6.520403762115166,0.08196970454526664
T_quant,452,4,11.792539221933112,0.1283894433410333
T_quant,453,1,5.447354122297838,0.1603773708156869
T_quant,453,2,6.527540223905817,0.049264451532748436
T_quant,453,4,11.778149211313576,0.06837375974220652
T_quant,454,1,5.454092787113041,0.15517226299780337
T_quant,454,2,6.580448312452063,0.14417419408614573
T_quant,454,4,11.795803575078025,0.05052462017068458
T_quant,455,1,5.425718724727631,0.13831823278657113
T_quant,455,2,6.565511205699295,0.1279203662008911
T_quant,455,4,11.82078983169049,0.05707638566514952
T_quant,456,1,5.437739035114646,0.14285893073875702
T_quant,456,2,6.603777045384049,0.15096856795025718
T_quant,456,4,11.91411015111953,0.15313423927548395
T_quant,457,1,5.445735601242632,0.14719013018253255
T_quant,457,2,6.57432283856906,0.13492554257274658
T_quant,457,4,12.28876914596185,0.0634909793759224
T_quant,458,1,5.6555158097762614,0.17074207622415946
T_quant,458,2,6.576537947403267,0.11059251663632176
T_quant,458,4,12.308862605132163,0.05336454922622669
T_quant,459,1,5.6697160098701715,0.15962219910408262
T_quant,459,2,6.709868519101292,0.23611599869362207
T_quant,459,4,12.319478009594604,0.0827059884130273
T_quant,460,1,5.697328601963818,0.11785208442592052
T_quant,460,2,7.026614923961461,0.058827765250476755
T_quant,460,4,12.327241918537766,0.03023405234914276
T_quant,461,1,5.695692617446184,0.14805244853541427
T_quant,461,2,7.029849498067051,0.025871470702778936
T_quant,461,4,12.336035056505352,0.030779496527745285
T_quant,462,1,5.72390639455989,0.11268852169454639
T_quant,462,2,7.0460545108653605,0.0977870040899072
T_quant,462,4,12.352896701777354,0.0280557209856944
T_quant,463,1,5.644842425826937,0.14076911303415507
T_quant,463,2,7.033972139470279,0.02953931937672416
T_quant,463,4,12.379690358648077,0.06524239504336
T_quant,464,1,5.4756411886774,0.1549889608037819
T_quant,464,2,7.037944088224322,0.033269483643367646
T_quant,464,4,12.396977640455589,0.06082561763593124
T_quant,465,1,5.4768537858035415,0.14546071808897834
T_quant,465,2,7.047418715665117,0.03180119252411895
T_quant,465,4,12.406943758251145,0.027332136949416466
T_quant,466,1,5.560224407818168,0.1801374828058044
T_quant,466,2,7.039930883329362,0.02769509745219595
T_quant,466,4,12.435918197734281,0.06706783243345368
T_quant,467,1,5.458584998268634,0.13026172423604246
T_quant,467,2,7.056929185055196,0.02866036000225203
T_quant,467,4,12.434965884312987,0.027346672620168596
T_quant,468,1,5.469646943965927,0.138953390338899
T_quant,468,2,7.05548188299872,0.03454379631622814
T_quant,468,4,12.457858059788123,0.026254549795430925
T_quant,469,1,5.6160634907428175,0.20609789644166468
T_quant,469,2,7.058210235554725,0.02761676396247033
T_quant,469,4,12.470806958153844,0.026693732691406416
T_quant,470,1,5.537524310639128,0.16743803883813765
T_quant,470,2,7.064022438134998,0.025685690665403323
T_quant,470,4,12.4897294503171,0.02768911850354141
T_quant,471,1,5.725936226081103,0.0899383753930983
T_quant,471,2,7.06796586047858,0.04550008317998346
T_quant,471,4,12.504545284900814,0.036210570035948575
T_quant,472,1,5.734307178063318,0.09230660825864523
T_quant,472,2,7.070546027971432,0.026640621825835924
T_quant,472,4,12.518983216723427,0.02901602989256897
T_quant,473,1,5.748883024789393,0.10888237454138124
T_quant,473,2,7.073353138985112,0.028976437168629094
T_quant,473,4,12.531306608580053,0.026996799749622186
T_quant,474,1,5.740311497356743,0.10226449942690521
T_quant,474,2,7.077619746560231,0.024510714337593647
T_quant,474,4,12.550700200954452,0.03944016634998341
T_quant,475,1,5.725555117242038,0.0749774993876156
T_quant,475,2,7.086345531279221,0.03527986578709692
T_quant,475,4,12.563049107557163,0.026920860050654524
T_quant,476,1,5.730318324640393,0.11903437963674589
T_quant,476,2,6.955026185605675,0.2405003206978158
T_quant,476,4,12.582566814962775,0.025778944241095794
T_quant,477,1,5.749363671056926,0.09299382466723147
T_quant,477,2,6.994174134451896,0.2125930195608147
T_quant,477,4,12.604603830259293,0.0670583807886711
T_quant,478,1,5.751477632438764,0.08770406471050447
T_quant,478,2,6.605687713017687,0.18911252346734292
T_quant,478,4,12.626079731853679,0.07004256998676937
T_quant,479,1,5.745019388850778,0.08771621336897671
T_quant,479,2,6.66882544523105,0.06819704312293023
T_quant,479,4,12.629117794567719,0.034577736237050946
T_quant,480,1,5.561933551216498,0.17088943977748616
T_quant,480,2,6.741762314923108,0.12863705379497375
T_quant,480,4,12.648544603725895,0.04544301861288424
T_quant,481,1,5.755932161118835,0.09028929696339365
T_quant,481,2,6.7468716111034155,0.09073740738308253
T_quant,481,4,12.401841330574825,0.30959475619410554
T_quant,482,1,5.760788592742756,0.08684666469252449
T_quant,482,2,6.7059555510059,0.11337633980322846
T_quant,482,4,12.475074318936095,0.18387491929614372
T_quant,483,1,5.490271023008972,0.10486935984216146
T_quant,483,2,6.740558263845742,0.10148635546690014
T_quant,483,4,12.708275524200872,0.042628556604021664
T_quant,484,1,5.573454020777717,0.1636912180004484
T_quant,484,2,6.744875049917027,0.10218788498463256
T_quant,484,4,12.725528889568523,0.02587289184765035
T_quant,485,1,5.747615861473605,0.10180985915196875
T_quant,485,2,6.7591658141463995,0.11117266132217954
T_quant,485,4,12.740548665169626,0.02445655576885405
T_quant,486,1,5.67552634049207,0.19424296851886372
T_quant,486,2,6.734213923336938,0.1402932989181042
T_quant,486,4,12.750625535845757,0.028323093134748196
T_quant,487,1,5.664193076081574,0.17986385803659058
T_quant,487,2,6.7966040258761495,0.14768037004744414
T_quant,487,4,12.765233388636261,0.02460342160264948
T_quant,488,1,5.754276120569557,0.13217009258439494
T_quant,488,2,6.774662972893566,0.11610869743065373
T_quant,488,4,12.788938612211496,0.027431715575407477
T_quant,489,1,5.7866880123037845,0.09745967873008919
T_quant,489,2,6.78485254291445,0.08395125751202266
T_quant,489,4,12.813644900452346,0.061577347246371
T_quant,490,1,5.77120078029111,0.0879481314061883
T_quant,490,2,6.792132927803323,0.10145644247156804
T_quant,490,4,12.82579067396,0.02666616772286092
T_quant,491,1,5.806437764549628,0.11839900122547636
T_quant,491,2,6.787626936566085,0.07321792012108401
T_quant,491,4,12.842227347427979,0.024070104301678538
T_quant,492,1,5.803086896194145,0.12260699318534536
T_quant,492,2,6.782799002248794,0.0689007896652919
T_quant,492,4,12.86247459356673,0.034572678339737296
T_quant,493,1,5.842627988895401,0.1333607386501358
T_quant,493,2,6.814317967509851,0.1278212691381353
T_quant,493,4,12.871029934613034,0.02478757202416481
T_quant,494,1,5.8240702108014375,0.09446785605783393
T_quant,494,2,6.820545109221712,0.1248869416076124
T_quant,494,4,12.88703586673364,0.02418592680709164
T_quant,495,1,5.8157453301828355,0.09128490699216901
T_quant,495,2,6.81246533524245,0.07041096612362499
T_quant,495,4,12.909516779473051,0.034254514291344025
T_quant,496,1,5.808251089183614,0.08922272604299603
T_quant,496,2,6.81450953008607,0.1572006261454933
T_quant,496,4,12.932008263887838,0.036724296341776874
T_quant,497,1,5.798524308484048,0.13593107177064853
T_quant,497,2,6.831808995921165,0.1368254526151089
T_quant,497,4,12.93864484410733,0.022956520532626812
T_quant,498,1,5.785225641448051,0.12318602978206773
T_quant,498,2,6.821922190720215,0.08345071056320615
T_quant,498,4,12.876654964638874,0.16274391837354515
T_quant,499,1,5.833836772944778,0.0860823644853071
T_quant,499,2,6.827116375789046,0.07009270462706262
T_quant,499,4,12.619444691808894,0.09259880216646674
T_quant,500,1,5.754970436682925,0.24325264291814774
T_quant,500,2,6.8433380767237395,0.12290799649646127
T_quant,500,4,12.778832318726927,0.17914909470235538
T_quant,501,1,5.765957478433847,0.17565635104440608
T_quant,501,2,6.8578541034366935,0.11547874248274048
T_quant,501,4,12.738144432660192,0.24978456028526638
T_quant,502,1,5.846930262632668,0.12516544808363966
T_quant,502,2,6.8463610974140465,0.1226736467735384
T_quant,502,4,12.71808106568642,0.1974990095665331
T_quant,503,1,5.830006925389171,0.11918128834887765
T_quant,503,2,6.850130188977346,0.07261183992545596
T_quant,503,4,12.675405368208885,0.08120742466986508
T_quant,504,1,5.842712356243283,0.07572701697956538
T_quant,504,2,6.85947559773922,0.0850210714908137
T_quant,504,4,12.700733671663329,0.07930463829254868
T_quant,505,1,5.791131667792797,0.18821661931061495
T_quant,505,2,6.850059141870588,0.045991255050716696
T_quant,505,4,12.712306034518406,0.0868038402208801
T_quant,506,1,5.774546398315579,0.15453932534002587
T_quant,506,2,6.875544923823327,0.10918070371448839
T_quant,506,4,12.734718134161085,0.08845658415412998
T_quant,507,1,5.844194998499006,0.10468385694402882
T_quant,507,2,6.87317740637809,0.06477388535038564
T_quant,507,4,12.753010228043422,0.09156995804916118
T_quant,508,1,5.797820715233684,0.16689583658801532
T_quant,508,2,6.875627797562629,0.0748007307248256
T_quant,508,4,12.755187512375414,0.061947178891975034
T_quant,509,1,5.827095553977415,0.1393586897312077
T_quant,509,2,6.875831912038848,0.06503724336704952
T_quant,509,4,12.852906582411379,0.1685024673801025
T_quant,510,1,5.825493265874684,0.16503504157775345
T_quant,510,2,6.887892851373181,0.07939210012578725
T_quant,510,4,12.910735451150686,0.15260660126961548
T_quant,511,1,5.846793684177101,0.1420251761693904
T_quant,511,2,6.884844857268035,0.06553225881683747
T_quant,511,4,12.905233204364777,0.14438913649831783
T_quant,512,1,5.845998551230878,0.13655177237111046
T_quant,512,2,6.897572341840714,0.13021750479214525
T_quant,512,4,12.918792788404971,0.1415646684994916
T_quant,513,1,6.263758605346084,0.11191905204050825
T_quant,513,2,7.179382593603805,0.07442332055234631
T_quant,513,4,13.169650310883299,0.11912041696675894
T_quant,514,1,6.225181891350076,0.1483497470481571
T_quant,514,2,7.199264945229515,0.08365724022004077
T_quant,514,4,13.176681158365682,0.10871796609362125
T_quant,515,1,6.253089717356488,0.1583697953698496
T_quant,515,2,7.19999277847819,0.090354583857392
T_quant,515,4,13.171826363541186,0.0783723332552887
T_quant,516,1,6.273198814596981,0.13425008393970628
T_quant,516,2,7.217191091040149,0.10628507569645398
T_quant,516,4,13.182149030035362,0.06352020456431703
T_quant,517,1,6.2918870185967535,0.10260390113048433
T_quant,517,2,7.209419127320871,0.098200950589437
T_quant,517,4,13.2234152010642,0.10359279377264533
T_quant,518,1,6.296870055375621,0.09234317292745213
T_quant,518,2,7.202780394582078,0.05849548174977017
T_quant,518,4,13.245638165390119,0.11096625767164855
T_quant,519,1,6.278813558164984,0.13183473420063763
T_quant,519,2,7.205494352383539,0.06661766868560193
T_quant,519,4,13.226216429611668,0.12374932136319405
T_quant,520,1,6.22737264027819,0.1533831594618636
T_quant,520,2,7.223252971889451,0.08131336475313433
T_quant,520,4,13.25181012507528,0.07763057283845634
T_quant,521,1,6.318677067756653,0.08885339233922229
T_quant,521,2,7.261632039444521,0.1113102273252249
T_quant,521,4,13.273815406719223,0.0567892453003476
T_quant,522,1,6.327444886555895,0.06118155226774852
T_quant,522,2,7.241261535091326,0.08514963172841426
T_quant,522,4,13.280931763583794,0.050303387090762215
T_quant,523,1,6.27167045022361,0.11485759791745452
T_quant,523,2,7.226676031714305,0.05754747847633711
T_quant,523,4,13.307392183924094,0.0620706319614906
T_quant,524,1,6.343112665927038,0.08201720970529447
T_quant,524,2,7.2307046537753195,0.04810691233289052
T_quant,524,4,13.361742993583903,0.11059629193775296
T_quant,525,1,6.33820284740068,0.08932863767439726
T_quant,525,2,7.250990867614746,0.08146954628345081
T_quant,525,4,13.35472910082899,0.1008193675814391
T_quant,526,1,6.328095780918375,0.1020568411081926
T_quant,526,2,7.23357820417732,0.19699059742873123
T_quant,526,4,13.385476710973307,0.10869121334814129
T_quant,527,1,6.307683371705934,0.0743726908356437
T_quant,527,2,7.2721892001573,0.1371929213334544
T_quant,527,4,13.393343685893342,0.1463989823019139
T_quant,528,1,6.30320203024894,0.10111031291213203
T_quant,528,2,7.314785324269906,0.17198655306049102
T_quant,528,4,13.414586511207744,0.09702210023611522
T_quant,529,1,6.288649785565212,0.129252297532832
T_quant,529,2,7.299375511938706,0.14019134632231847
T_quant,529,4,13.429906980600208,0.09519111225737284
T_quant,530,1,6.327667022123933,0.08037216868231706
T_quant,530,2,7.277015206636861,0.09202045297375669
T_quant,530,4,13.450022499309853,0.09847198945631258
T_quant,531,1,6.337237316183746,0.08971935943463276
T_quant,531,2,7.354478514753282,0.18979017552939875
T_quant,531,4,13.462789990007877,0.09404543662076932
T_quant,532,1,6.349358218722045,0.061592860568534726
T_quant,532,2,7.288830738980323,0.08487352689637274
T_quant,532,4,13.476198799908161,0.08921759067752762
T_quant,533,1,6.309608723968267,0.128411503570962
T_quant,533,2,7.3017326684203,0.08471053550774472
T_quant,533,4,13.493600947549567,0.07921379352483317
T_quant,534,1,6.251671737991273,0.18539466128273105
T_quant,534,2,7.307691085152328,0.07254355185114134
T_quant,534,4,13.534426842816174,0.11340321421093826
T_quant,535,1,6.366564757190645,0.0670157571088736
T_quant,535,2,7.304742923006415,0.0652877516700622
T_quant,535,4,13.576673640636727,0.1352784601159918
T_quant,536,1,6.3505984481889755,0.11388027790350631
T_quant,536,2,7.303776177577674,0.06715970237511992
T_quant,536,4,13.506914105964825,0.13356078502501945
T_quant,537,1,6.347156127449125,0.1184626129384927
T_quant,537,2,7.32791117625311,0.08465785005664521
T_quant,537,4,13.468355818185955,0.06839726138788332
T_quant,538,1,6.363239588681608,0.1188623221881755
T_quant,538,2,7.318869172595441,0.04522510902852934
T_quant,538,4,13.566783651476726,0.0949081028998785
T_quant,539,1,6.348845446482301,0.08022228876174699
T_quant,539,2,7.321729683317244,0.051624556007214197
T_quant,539,4,13.60442440607585,0.08919101718378131
T_quant,540,1,6.369527583010495,0.06794477799195249
T_quant,540,2,7.341757065150887,0.08323665392573729
T_quant,540,4,13.628291636705399,0.09785630273640555
T_quant,541,1,6.372692480217665,0.018675741761363055
T_quant,541,2,7.337335655465722,0.07871758874879163
T_quant,541,4,13.635722121689469,0.09382941699506374
T_quant,542,1,6.382638573413715,0.06230803223258988
T_quant,542,2,7.345212509389967,0.07064320862180076
T_quant,542,4,13.639482818543911,0.07642405867599318
T_quant,543,1,6.37514085508883,0.08156050962257955
T_quant,543,2,7.345056993653998,0.03665924156328094
T_quant,543,4,13.65469295415096,0.07395077191513087
T_quant,544,1,6.370798707939684,0.09435053351419179
T_quant,544,2,7.362627793336287,0.0788533311918684
T_quant,544,4,13.688518878770992,0.10093832541375669
T_quant,545,1,6.404267926700413,0.0587281057852302
T_quant,545,2,7.3686092521529645,0.10134340707920776
T_quant,545,4,13.724548852769658,0.11588705007283451
T_quant,546,1,6.4013442932628095,0.03552949940083596
T_quant,546,2,7.373723958153278,0.08322400089809028
T_quant,546,4,13.7299534433987,0.11710912039239314
T_quant,547,1,6.403829827904701,0.03755956433445981
T_quant,547,2,7.388496596831828,0.09082658520343175
T_quant,547,4,13.758647163631395,0.09699052380178881
T_quant,548,1,6.401083634700626,0.04857609027152758
T_quant,548,2,7.380623851204291,0.07014051300948249
T_quant,548,4,13.764610724756494,0.08167948844899406
T_quant,549,1,6.406524268677458,0.01805589751740976
T_quant,549,2,7.4044577369932085,0.09615996879614934
T_quant,549,4,13.802629580022767,0.1149926425449703
T_quant,550,1,6.36165133677423,0.16012026447497243
T_quant,550,2,7.394924859981984,0.09343350690941096
T_quant,550,4,13.799847709015012,0.09274265810381087
T_quant,551,1,6.42235970008187,0.08675831490281306
T_quant,551,2,7.405614601448178,0.07882290011984669
T_quant,551,4,13.868498227093369,0.15711543127302183
T_quant,552,1,6.429604293080047,0.0969131585846409
T_quant,552,2,7.407554757082835,0.07421219865158775
T_quant,552,4,13.846228546462953,0.10374539549563035
T_quant,553,1,6.419464887585491,0.055315625827887335
T_quant,553,2,7.4253105104435235,0.0909725502400146
T_quant,553,4,13.880240734433755,0.1248194425072767
T_quant,554,1,6.428709254832938,0.0708779068793361
T_quant,554,2,7.415332165546715,0.05702326087505313
T_quant,554,4,13.874657363630831,0.1384079469435617
T_quant,555,1,6.4233577298000455,0.08949301110713155
T_quant,555,2,7.42532522068359,0.06333283235884252
T_quant,555,4,13.869273195741698,0.0731174138650203
T_quant,556,1,6.4317478821612895,0.08644000935965519
T_quant,556,2,7.431490711169317,0.06997912685540562
T_quant,556,4,13.917107426095754,0.10550076378295842
T_quant,557,1,6.436783919343725,0.09167111675843323
T_quant,557,2,7.461431211559102,0.10905600536674755
T_quant,557,4,13.962921106722206,0.12677647523108548
T_quant,558,1,6.463315426371992,0.07272120088419341
T_quant,558,2,7.453983798623085,0.09031765723306567
T_quant,558,4,13.971842441242188,0.12694730420963563
T_quant,559,1,6.470838353270665,0.09417209027227563
T_quant,559,2,7.449126453138888,0.07243508330348974
T_quant,559,4,13.953574447659776,0.08350653616931727
T_quant,560,1,6.466031229356304,0.08784583370934701
T_quant,560,2,7.44657602510415,0.05703205941094963
T_quant,560,4,13.972352014388889,0.10565069362032668
T_quant,561,1,6.508852649712935,0.09418682579172702
T_quant,561,2,7.457315722713247,0.06966872654117175
T_quant,561,4,13.981944429688156,0.07954107178042555
T_quant,562,1,6.481354063143954,0.0863848960080958
T_quant,562,2,7.464039037004113,0.06643955964762857
T_quant,562,4,13.993051766883582,0.08376605841459461
T_quant,563,1,6.5022515947930515,0.08467703779597333
T_quant,563,2,7.486643149750307,0.095598040916235
T_quant,563,4,14.017248847521842,0.0836440602998092
T_quant,564,1,6.479791792808101,0.06792821971621943
T_quant,564,2,7.459818484494463,0.10073193572562267
T_quant,564,4,14.049759049667045,0.10230569522815963
T_quant,565,1,6.494554487289861,0.079313977530924
T_quant,565,2,7.531630850862712,0.12944219778867552
T_quant,565,4,14.054790361551568,0.07450441530162673
T_quant,566,1,6.4873659366276115,0.07135582488471147
T_quant,566,2,7.475440730340779,0.035762874514263195
T_quant,566,4,14.10158289829269,0.11247443071205748
T_quant,567,1,6.477681993274018,0.0552276374375725
T_quant,567,2,7.482209847075865,0.04945297671835983
T_quant,567,4,14.142914768308401,0.12848455093043581
T_quant,568,1,6.488953784573823,0.05412342776132727
T_quant,568,2,7.492817945312709,0.07263484158736243
T_quant,568,4,14.11896460223943,0.08662325581844033
T_quant,569,1,6.488267374224961,0.06901908567624226
T_quant,569,2,7.508634817786515,0.07824586458984291
T_quant,569,4,14.133696085773408,0.06954870262864739
T_quant,570,1,6.501748188165948,0.0681735031835807
T_quant,570,2,7.528499601176009,0.09581875844716084
T_quant,570,4,14.144517567474395,0.06618675668330337
T_quant,571,1,6.4922377082984895,0.06696078934336328
T_quant,571,2,7.52287078066729,0.08382450993262396
T_quant,571,4,14.177194925723597,0.09461856938444772
T_quant,572,1,6.49493120261468,0.050029505933046406
T_quant,572,2,7.524247401161119,0.0789892981131546
T_quant,572,4,14.180195918306708,0.07393802274916321
T_quant,573,1,6.504250614671037,0.047947037474648214
T_quant,573,2,7.528664962155744,0.06647774430428939
T_quant,573,4,14.232519750948995,0.11622282938766149
T_quant,574,1,6.515531105687842,0.07108776545354936
T_quant,574,2,7.526661597657949,0.05736227264664309
T_quant,574,4,14.227124770404771,0.08825959481149147
T_quant,575,1,6.518601570278406,0.06610227353799705
T_quant,575,2,7.632221519015729,0.16018352547064393
T_quant,575,4,14.254064247943461,0.11284354104250863
T_quant,576,1,6.519632630515844,0.0751852959983013
T_quant,576,2,7.530135534470901,0.11422045704251921
T_quant,576,4,14.253470118856058,0.08506117550406253
