component,N,topk,mean_ms,std_ms
T_pm_plus,5,1,1.3083589263260365,0.02087248118658017
T_pm_plus,8,2,1.913395244628191,0.017278598690569098
T_pm_plus,12,3,2.721618115901947,0.0216177471608068
T_pm_plus,16,4,3.5177355632185936,0.008273308077824124
T_pm_plus,21,5,4.5757426880300045,0.026721621077267114
T_pm_plus,24,6,5.1517462357878685,0.03415254078282836
T_pm_plus,30,7,6.2924981117248535,0.015480104411821578
T_pm_plus,32,8,6.692963652312756,0.013864162524431133
T_pm_plus,37,9,7.719745580106974,0.06978724765462442
T_pm_plus,41,10,8.659869711846113,0.01969243244377155
T_pm_plus,46,11,9.745300654321909,0.05850347832700988
T_pm_plus,48,12,10.195812582969666,0.07690167033098805
T_pm_plus,55,13,11.579451709985733,0.0660200339719628
T_pm_plus,59,14,12.346228305250406,0.03226083392475366
T_pm_plus,63,15,13.20275254547596,0.0815385790229755
T_pm_plus,64,16,13.357343152165413,0.0711480621608349
T_pm_plus,71,17,14.722637552767992,0.035129157286527185
T_pm_plus,76,18,15.719490312039852,0.023471830689431095
T_pm_plus,77,19,15.958326496183872,0.05154799284828257
T_pm_plus,82,20,16.958393063396215,0.04173915767447923
T_pm_plus,83,21,17.202110588550568,0.05662378074166271
T_pm_plus,94,22,19.421250000596046,0.10243115078626841
T_pm_plus,95,23,19.54166330397129,0.058445462674589485
T_pm_plus,96,24,19.81981210410595,0.1084546916021527
T_pm_plus,103,25,21.072578709572554,0.05114576694440193
T_pm_plus,104,26,21.444439981132746,0.05346536163489984
T_pm_plus,105,27,21.59052900969982,0.04083110470142486
T_pm_plus,121,28,24.8620736412704,0.03465747651298788
T_pm_plus,121,29,24.826770927757025,0.05048514381557272
T_pm_plus,122,30,25.059398356825113,0.14387124767626655
T_pm_plus,123,31,25.227657798677683,0.04791878659237298
T_pm_plus,124,32,25.48789931461215,0.193633195547457
T_pm_plus,143,33,29.30699586868286,0.04918694780364387
T_pm_plus,144,34,29.581890162080526,0.06522361405118104
T_pm_plus,145,35,29.75365798920393,0.0878774474482741
T_pm_plus,146,36,29.908257443457842,0.07013719330709565
T_pm_plus,147,37,30.153937358409166,0.16647323093950417
T_pm_plus,148,38,30.34690311178565,0.04869662125237455
T_pm_plus,180,39,36.89535818994045,0.11350330323254418
T_pm_plus,180,40,36.76304221153259,0.06667618208692572
T_pm_plus,181,41,36.96361444890499,0.10703567277266561
T_pm_plus,181,42,36.88098546117544,0.0919725146699816
T_pm_plus,181,43,37.00346853584051,0.0771859963640783
T_pm_plus,182,44,37.236291356384754,0.16609735816078564
T_pm_plus,183,45,37.37183613702655,0.15151068833166834
T_pm_plus,184,46,37.48862883076072,0.06740588707519539
T_pm_plus,185,47,37.66302913427353,0.07531609296935345
T_pm_plus,186,48,37.882691994309425,0.09054044741004
T_pm_plus,224,49,45.74912805110216,0.10986325457377918
T_pm_plus,224,50,45.79266719520092,0.11171189686219818
T_pm_plus,225,51,46.03033671155572,0.25500922354606753
T_pm_plus,225,52,46.01009422913194,0.2229732753722121
T_pm_plus,226,53,46.130199916660786,0.09420026523004295
T_pm_plus,226,54,46.10771695151925,0.09951784729773604
T_pm_plus,227,55,46.27585019916296,0.10390708072930543
T_pm_plus,227,56,46.41262888908386,0.13186506571282003
T_pm_plus,227,57,46.37852292507887,0.11720237878480919
T_pm_plus,228,58,46.389329340308905,0.10342466387835048
T_pm_plus,229,59,46.66906138882041,0.09221929166936084
T_pm_plus,230,60,46.86624677851796,0.11460243355218852
T_pm_plus,230,61,47.085332591086626,0.2724178573378989
T_pm_plus,231,62,47.089322190731764,0.21630365978325367
T_pm_plus,232,63,47.243987675756216,0.09961277630293604
T_pm_plus,233,64,47.348785400390625,0.09918342546421681
T_pm_plus,324,65,66.38800874352455,0.12946459767306867
T_pm_plus,324,66,66.39328701421618,0.1697093758899509
T_pm_plus,324,67,66.17559613659978,0.1637157533808027
T_pm_plus,325,68,66.28259550780058,0.09555565907424039
T_pm_plus,326,69,66.52933992445469,0.13320281859991687
T_pm_plus,326,70,66.56079385429621,0.12671678095540617
T_pm_plus,326,71,66.74112314358354,0.30834979935384565
T_pm_plus,326,72,66.59009670838714,0.13559388414540116
T_pm_plus,326,73,66.56101299449801,0.16739855730945896
T_pm_plus,327,74,66.66381284594536,0.15115632984687088
T_pm_plus,327,75,66.78918274119496,0.11155278209728502
T_pm_plus,328,76,66.82157786563039,0.13588831313069294
T_pm_plus,328,77,66.79394897073507,0.16356229460951133
T_pm_plus,328,78,66.79233890026808,0.16588517121521706
T_pm_plus,328,79,66.89579412341118,0.17040628627779644
T_pm_plus,329,80,66.95236638188362,0.09736604945534037
T_pm_plus,330,81,67.22761215642095,0.27420084874962763
T_pm_plus,331,82,67.2416671179235,0.11814994118999052
T_pm_plus,332,83,67.37861195579171,0.1376976513641846
T_pm_plus,332,84,67.49820429831743,0.09698906792843075
T_pm_plus,333,85,67.87717370316386,0.10810620394208974
T_pm_plus,334,86,68.02493622526526,0.1664240170594926
T_pm_plus,334,87,68.03454533219337,0.1723962377134205
T_pm_plus,335,88,68.29507313668728,0.15170419645337593
T_pm_plus,336,89,68.23617732152343,0.12962631112892364
T_pm_plus,336,90,68.13188577070832,0.08587976128615335
T_pm_plus,336,91,68.31903262063861,0.26925487062920855
T_pm_plus,336,92,68.19994822144508,0.12058627426663375
T_pm_plus,336,93,68.1912218220532,0.09317002050321459
T_pm_plus,337,94,68.5210945084691,0.14538902180656138
T_pm_plus,337,95,68.60873699188232,0.1647709581279181
T_pm_plus,338,96,68.67225347086787,0.13878059613255356
T_pm_plus,576,97,118.2731376029551,0.17039459701505438
T_pm_plus,576,98,118.48940188065171,0.24473586154029767
T_pm_plus,576,99,118.4718114323914,0.27022277503903386
T_pm_plus,576,100,118.89508990570903,0.33118436390386347
T_pm_plus,576,101,118.96252194419503,0.38715692618345826
T_pm_plus,576,102,118.77061752602458,0.16533327780231102
T_pm_plus,576,103,118.57310030609369,0.2088971659952286
T_pm_plus,576,104,118.77379352226853,0.19414143578250953
T_pm_plus,576,105,118.70925072580576,0.2751751422154765
T_pm_plus,576,106,118.66040509194136,0.2549210693427212
T_pm_plus,576,107,118.86729206889868,0.22663280340975742
T_pm_plus,576,108,118.68792437016964,0.21573088790967923
T_pm_plus,576,109,118.61247774213552,0.19630477346671396
T_pm_plus,576,110,118.69303435087204,0.292127541476202
T_pm_plus,576,111,118.86220816522837,0.3535442734682575
T_pm_plus,576,112,118.63875603303313,0.231115654321705
T_pm_plus,576,113,118.76809624955058,0.22138188841774428
T_pm_plus,576,114,118.72973246499896,0.24003617888960083
T_pm_plus,576,115,118.85197702795267,0.3067917506183764
T_pm_plus,576,116,118.60592849552631,0.2135588064365319
T_pm_plus,576,117,118.76978380605578,0.15338971427817713
T_pm_plus,576,118,118.48363969475031,0.20539928183497358
T_pm_plus,576,119,118.54193015024066,0.2079846139357071
T_pm_plus,576,120,118.52362183853984,0.16212523026722547
T_pm_plus,576,121,118.53886917233467,0.38695948977450007
T_pm_plus,576,122,118.5637079179287,0.2078142170847696
T_pm_plus,576,123,118.51042211055756,0.22381705732874987
T_pm_plus,576,124,118.44251872971654,0.23168383935889258
T_pm_plus,576,125,118.61710222437978,0.21482759804883167
T_pm_plus,576,126,118.53960501030087,0.19863627365200817
T_pm_plus,576,127,118.80345940589905,0.16467044321694496
T_pm_plus,576,128,118.57931008562446,0.12469951000249983
T_pm_plus,576,129,118.15230185166001,0.21862206152422967
T_pm_plus,576,130,118.27250942587852,0.30914347083941746
T_pm_plus,576,131,118.42369167134166,0.40373949693356326
T_pm_plus,576,132,118.23835913091898,0.17355261196061053
T_pm_plus,576,133,118.20320505648851,0.15717423648178017
T_pm_plus,576,134,118.32139622420073,0.23114526472232017
T_pm_plus,576,135,118.05472988635302,0.1830165074503658
T_pm_plus,576,136,118.25151778757572,0.26921048330815484
T_pm_plus,576,137,118.18207250908017,0.1840179504756685
T_pm_plus,576,138,118.33391664549708,0.2164067552390085
T_pm_plus,576,139,118.2649283669889,0.11363012694435738
T_pm_plus,576,140,118.13083291053772,0.15013172206025724
T_pm_plus,576,141,118.27687546610832,0.38849171404659677
T_pm_plus,576,142,118.10319060459733,0.28254149318017396
T_pm_plus,576,143,118.17323425784707,0.2930512309626659
T_pm_plus,576,144,118.18249635398388,0.1768186191469643
T_pm_plus,576,145,118.17719265818596,0.2837202120386784
T_pm_plus,576,146,118.18905202671885,0.2612119739163391
T_pm_plus,576,147,118.06315584108233,0.20455225637921517
T_pm_plus,576,148,118.14257381483912,0.2987623129557534
T_pm_plus,576,149,118.26259335502982,0.27935343262987267
T_pm_plus,576,150,118.01210967823863,0.21494811792734034
T_pm_plus,576,151,118.1354533880949,0.36563295848602884
T_pm_plus,576,152,117.96187590807676,0.2836125884219846
T_pm_plus,576,153,117.8815957158804,0.26528401552956277
T_pm_plus,576,154,118.1885302066803,0.22189573596445153
T_pm_plus,576,155,118.01418773829937,0.19431784492610452
T_pm_plus,576,156,118.04208774119616,0.19647140742546634
T_pm_plus,576,157,118.0262022651732,0.19601700343371453
T_pm_plus,576,158,118.05640561506152,0.25946660205190564
T_pm_plus,576,159,118.06283826008439,0.2115208682813856
T_pm_plus,576,160,118.00567861646414,0.24211878257484956
T_pm_plus,576,161,118.18909430876374,0.4131843866219237
T_pm_plus,576,162,117.93618453666568,0.18448349972092348
T_pm_plus,576,163,117.9713168181479,0.1853091832082633
T_pm_plus,576,164,117.98976510763168,0.20776403158961046
T_pm_plus,576,165,118.03008848801255,0.22432045732746173
T_pm_plus,576,166,117.9746113717556,0.23058935255124705
T_pm_plus,576,167,118.12692722305655,0.25050860755305976
T_pm_plus,576,168,118.13061600551009,0.27960248587927294
T_pm_plus,576,169,118.13891185447574,0.15719966290010462
T_pm_plus,576,170,117.92944194748998,0.23762308169695814
T_pm_plus,576,171,118.0898548103869,0.4730590992173337
T_pm_plus,576,172,117.86762233823538,0.22960898322975637
T_pm_plus,576,173,117.82856360077858,0.23613750103599151
T_pm_plus,576,174,118.15934954211116,0.32304692480313535
T_pm_plus,576,175,117.91819399222732,0.299434805581351
T_pm_plus,576,176,117.81199537217617,0.24095515748245214
T_pm_plus,576,177,117.74169383570552,0.20740522970331404
T_pm_plus,576,178,117.88018234074116,0.23050179620948147
T_pm_plus,576,179,117.85329347476363,0.26499979786681677
T_pm_plus,576,180,117.66440765932202,0.21999811220913912
T_pm_plus,576,181,117.95822167769074,0.3497144353032779
T_pm_plus,576,182,117.79834218323231,0.20977046611556163
T_pm_plus,576,183,117.95733701437712,0.22395898066972844
T_pm_plus,576,184,117.84513508901,0.21089290913939576
T_pm_plus,576,185,117.89159439504147,0.20771084637587509
T_pm_plus,576,186,117.72274179384112,0.2619213300715481
T_pm_plus,576,187,117.8630031645298,0.22044981579773618
T_pm_plus,576,188,117.68402410671115,0.22564511313061145
T_pm_plus,576,189,117.81628048047423,0.17036351922582818
T_pm_plus,576,190,117.811896558851,0.20417826147165663
T_pm_plus,576,191,118.17215196788311,0.33469201166569534
T_pm_plus,576,192,118.15249333158135,0.2238082191909324
T_pm_plus,576,193,117.75219729170203,0.21149753270950275
T_pm_plus,576,194,117.80330091714859,0.26335534526097176
T_pm_plus,576,195,117.70206019282341,0.2428636955315426
T_pm_plus,576,196,117.7704619243741,0.2432188552327946
T_pm_plus,576,197,117.72206053137779,0.21754123134469677
T_pm_plus,576,198,117.74112563580275,0.2559482456129841
T_pm_plus,576,199,117.76738790795207,0.2114067808685036
T_pm_plus,576,200,117.7154858596623,0.2619159499237955
T_pm_plus,576,201,117.61585725471377,0.3599376574703215
T_pm_plus,576,202,117.32951141893864,0.24548557250377215
T_pm_plus,576,203,117.27011790499091,0.1878582885791469
T_pm_plus,576,204,117.4799969419837,0.1902360416990578
T_pm_plus,576,205,117.56746843457222,0.2067918661043062
T_pm_plus,576,206,117.3643758520484,0.21593716225521026
T_pm_plus,576,207,117.44545521214604,0.20444567174480177
T_pm_plus,576,208,117.47776735574007,0.19496223069094593
T_pm_plus,576,209,117.501834128052,0.1919419093395457
T_pm_plus,576,210,117.55060106515884,0.2319181304515944
T_pm_plus,576,211,117.62836389243603,0.3349448083544227
T_pm_plus,576,212,117.55382064729929,0.2187855351407884
T_pm_plus,576,213,117.38448739051819,0.2319220924943652
T_pm_plus,576,214,117.30857100337744,0.1856733286156963
T_pm_plus,576,215,117.55373133346438,0.2341660880617048
T_pm_plus,576,216,117.52163171768188,0.20959485842791256
T_pm_plus,576,217,117.7386718802154,0.26008743664371714
T_pm_plus,576,218,117.38330312073231,0.1721010741580734
T_pm_plus,576,219,117.66171362251043,0.24971561380706667
T_pm_plus,576,220,117.32262140139937,0.1820682971307025
T_pm_plus,576,221,117.50171072781086,0.3510572720609218
T_pm_plus,576,222,117.34865140169859,0.21360899693244612
T_pm_plus,576,223,117.43758209049702,0.17276533785046164
T_pm_plus,576,224,117.25780740380287,0.1851941748550464
T_pm_plus,576,225,117.31814555823803,0.20904231257365952
T_pm_plus,576,226,117.43998052552342,0.21840385435121773
T_pm_plus,576,227,117.59124984964728,0.20504750125307541
T_pm_plus,576,228,117.42015536874533,0.21917914982434256
T_pm_plus,576,229,117.44591016322374,0.19328380264373524
T_pm_plus,576,230,117.4515487626195,0.1903083397579617
T_pm_plus,576,231,117.54909325391054,0.330852694176702
T_pm_plus,576,232,117.24575031548738,0.2245017444994055
T_pm_plus,576,233,117.3419363796711,0.31468452351812515
T_pm_plus,576,234,117.40783117711544,0.31949193969972844
T_pm_plus,576,235,117.4122516065836,0.21442510612806495
T_pm_plus,576,236,117.30667287483811,0.2777126871335373
T_pm_plus,576,237,117.71887978538871,0.18949395568361907
T_pm_plus,576,238,117.26867482066154,0.2972415152962597
T_pm_plus,576,239,117.20915930345654,0.2104302459119958
T_pm_plus,576,240,116.89476855099201,0.16099708915967192
T_pm_plus,576,241,117.23456783220172,0.28118949778677826
T_pm_plus,576,242,117.0040956698358,0.29963700257823256
T_pm_plus,576,243,117.29599116370082,0.17094789710946393
T_pm_plus,576,244,117.15993070974946,0.20720844712341377
T_pm_plus,576,245,117.37791476771235,0.21681743687050595
T_pm_plus,576,246,117.40449061617255,0.2115851466140538
T_pm_plus,576,247,117.29553025215864,0.2482224564535896
T_pm_plus,576,248,117.18115797266364,0.3206256847521865
T_pm_plus,576,249,117.25675417110324,0.22237063717482472
T_pm_plus,576,250,117.2776616178453,0.18892872129889843
T_pm_plus,576,251,117.4970124848187,0.32086635651048645
T_pm_plus,576,252,117.23213354125619,0.21068444145125081
T_pm_plus,576,253,117.36343335360289,0.20807116144988583
T_pm_plus,576,254,117.11762975901365,0.17869149907878715
T_pm_plus,576,255,117.55676055327058,0.2112975750143163
T_pm_plus,576,256,117.30473022907972,0.24743061035450836
T_pm_plus,576,257,117.22469059750438,0.22125261514729716
T_pm_plus,576,258,117.33188414946198,0.24680745425797826
T_pm_plus,576,259,117.02261613681912,0.27518570242982376
T_pm_plus,576,260,116.8400184251368,0.19201185036684518
T_pm_plus,576,261,117.35683484002948,0.44256577780978407
T_pm_plus,576,262,117.05431500449777,0.2443254592168205
T_pm_plus,576,263,117.0227793045342,0.19655295551985438
T_pm_plus,576,264,116.98939418420196,0.16438241344904736
T_pm_plus,576,265,116.94548651576042,0.2547871302705704
T_pm_plus,576,266,117.21072774380445,0.2751203015267728
T_pm_plus,576,267,117.27049397304654,0.3231713873656643
T_pm_plus,576,268,117.14499834924936,0.2541395754571085
T_pm_plus,576,269,117.36114388331771,0.26109089668602997
T_pm_plus,576,270,117.20517706125975,0.27686478341052256
T_pm_plus,576,271,117.22912946715951,0.3138286628206678
T_pm_plus,576,272,117.20964638516307,0.22994510359267847
T_pm_plus,576,273,117.17714294791222,0.21788527548430164
T_pm_plus,576,274,116.7875143699348,0.172000297351506
T_pm_plus,576,275,116.9740947894752,0.2375769954468017
T_pm_plus,576,276,117.03966977074742,0.22390699629017619
T_pm_plus,576,277,117.22233574837446,0.29370399781018747
T_pm_plus,576,278,116.9953316450119,0.2442594478629512
T_pm_plus,576,279,117.13988799601793,0.24451408577818864
T_pm_plus,576,280,117.08584809675813,0.30305185443956195
T_pm_plus,576,281,117.05431640148163,0.36769814776701215
T_pm_plus,576,282,116.94045728072524,0.26185189722464497
T_pm_plus,576,283,117.04851416870952,0.2695142536162076
T_pm_plus,576,284,116.9743143953383,0.24702802217082942
T_pm_plus,576,285,116.86811912804842,0.24939028596790885
T_pm_plus,576,286,116.9177245348692,0.20250415984871786
T_pm_plus,576,287,116.90462660044432,0.23458846016846047
T_pm_plus,576,288,116.63934672251344,0.19013471370947815
