component,N,mean_ms,std_ms
T_pm_base,1,0.33602435141801834,0.008408644069706567
T_pm_base,2,0.5883097648620605,0.014320342743765884
T_pm_base,3,0.7925605401396751,0.019189017527690196
T_pm_base,4,0.9763647802174091,0.015629277122461843
T_pm_base,5,1.1754314415156841,0.02868290888954688
T_pm_base,6,1.3369834050536156,0.0056407664656380925
T_pm_base,7,1.521540805697441,0.005238593752269391
T_pm_base,8,1.710240263491869,0.0068825871515337134
T_pm_base,9,1.8957234919071198,0.0062579925986878905
T_pm_base,10,2.0827319473028183,0.007084912311264629
T_pm_base,11,2.2632780484855175,0.005875339997356099
T_pm_base,12,2.4480574764311314,0.007909876835707421
T_pm_base,13,2.634039241820574,0.007493378716871374
T_pm_base,14,2.809444349259138,0.00763664678120025
T_pm_base,15,2.9960510320961475,0.007668577128291672
T_pm_base,16,3.1883202493190765,0.009067110257694017
T_pm_base,17,3.370359167456627,0.00666147106268101
T_pm_base,18,3.5614078864455223,0.014716206169400546
T_pm_base,19,3.7469202652573586,0.01740376826564426
T_pm_base,20,4.0561821311712265,0.022299919973409552
T_pm_base,21,4.171350970864296,0.008194834337667507
T_pm_base,22,4.34968825429678,0.010159125779898161
T_pm_base,23,4.539801273494959,0.008008904656430843
T_pm_base,24,4.724070243537426,0.007074783234990771
T_pm_base,25,4.923847038298845,0.009151674681301998
T_pm_base,26,5.1032875664532185,0.00901882670614153
T_pm_base,27,5.294761620461941,0.018838359524384306
T_pm_base,28,5.485882144421339,0.023045178496854835
T_pm_base,29,5.669871158897877,0.011829047234464233
T_pm_base,30,5.85062624886632,0.012907066832034826
T_pm_base,31,6.046535074710846,0.015569547867633414
T_pm_base,32,6.228221766650677,0.01168917631338666
T_pm_base,33,6.4127616584300995,0.012428882517828723
T_pm_base,34,6.604806520044804,0.020140378707220706
T_pm_base,35,6.79826783016324,0.02373104483970799
T_pm_base,36,6.97199497371912,0.011956626484859437
T_pm_base,37,7.165714725852013,0.014975177609730148
T_pm_base,38,7.325080130249262,0.013353213039938134
T_pm_base,39,7.5380573980510235,0.013513250671317516
T_pm_base,40,7.7256388030946255,0.019874952584574904
T_pm_base,41,7.890870422124863,0.01366781472546353
T_pm_base,42,8.07154169306159,0.013299778111694032
T_pm_base,43,8.231604564934969,0.009685131042685311
T_pm_base,44,8.45340620726347,0.01201364921815863
T_pm_base,45,8.695853594690561,0.0785771243504769
T_pm_base,46,8.797344844788313,0.014998366281771005
T_pm_base,47,8.997509442269802,0.009956258427332138
T_pm_base,48,9.167318511754274,0.014108604439063031
T_pm_base,49,9.382136911153793,0.0516774128385144
T_pm_base,50,9.56034604460001,0.0505518199915845
T_pm_base,51,9.732942748814821,0.011572004771620133
T_pm_base,52,9.91677027195692,0.013883751181867797
T_pm_base,53,10.112919099628925,0.02962886430005305
T_pm_base,54,10.30571861192584,0.023346954250143454
T_pm_base,55,10.467236582189798,0.012692086250150014
T_pm_base,56,10.665231104940176,0.019667746112004624
T_pm_base,57,10.855073388665915,0.020690262328910018
T_pm_base,58,11.039922200143337,0.011330729898597715
T_pm_base,59,11.234166380017996,0.021707472026229586
T_pm_base,60,11.431580130010843,0.03357857217150373
T_pm_base,61,11.630080547183752,0.04353075200205386
T_pm_base,62,11.792859807610512,0.020841577244499494
T_pm_base,63,11.963829305022955,0.01908643498005719
T_pm_base,64,12.256867811083794,0.10337708906579285
T_pm_base,65,12.312284763902426,0.012223952105279342
T_pm_base,66,12.486416008323431,0.020570925456411017
T_pm_base,67,12.697231210768223,0.09033302915708373
T_pm_base,68,12.86954190582037,0.022521879711856655
T_pm_base,69,13.042129762470722,0.01568373165212023
T_pm_base,70,13.240664917975664,0.026491180215033636
T_pm_base,71,13.420192338526249,0.02105202485156499
T_pm_base,72,13.625559490174055,0.028535356123549325
T_pm_base,73,13.789300713688135,0.03894081406986356
T_pm_base,74,13.980762846767902,0.02734823915290745
T_pm_base,75,14.178615249693394,0.027541522535454895
T_pm_base,76,14.365088660269976,0.024330658379453893
T_pm_base,77,14.535005483776331,0.0277396333693282
T_pm_base,78,14.727112278342247,0.02439091321028721
T_pm_base,79,14.932892564684153,0.04601415363005809
T_pm_base,80,15.078238397836685,0.019683388758641847
T_pm_base,81,15.259724017232656,0.020768782647028396
T_pm_base,82,15.488082449883223,0.034908099259452555
T_pm_base,83,15.77305756509304,0.1396661916015576
T_pm_base,84,15.856885258108377,0.02923038530220372
T_pm_base,85,16.027516406029463,0.02426846338289028
T_pm_base,86,16.286188922822475,0.12555017550476083
T_pm_base,87,16.414611227810383,0.0283251945431173
T_pm_base,88,16.59526824951172,0.035372810273411645
T_pm_base,89,16.77985042333603,0.034379375132352084
T_pm_base,90,16.972698271274567,0.03669553591565091
T_pm_base,91,17.16362563893199,0.04417785982397082
T_pm_base,92,17.341909930109978,0.026374503617103348
T_pm_base,93,17.52764219418168,0.02997913197270352
T_pm_base,94,17.707093339413404,0.039451174896131896
T_pm_base,95,17.890181578695774,0.028102928215479734
T_pm_base,96,18.080707266926765,0.0291193635428499
T_pm_base,97,18.197822384536266,0.026177549772368126
T_pm_base,98,18.461026065051556,0.06165950058717528
T_pm_base,99,18.611661437898874,0.02692443482262148
T_pm_base,100,18.811216298490763,0.043253729265088886
T_pm_base,101,18.971392046660185,0.024103203302241145
T_pm_base,102,19.212113507092,0.044525658464765104
T_pm_base,103,19.44953938946128,0.12877702555876194
T_pm_base,104,19.60651846602559,0.04611402303345562
T_pm_base,105,19.835754483938217,0.15834981987520355
T_pm_base,106,20.00415064394474,0.05952281772135068
T_pm_base,107,20.12070147320628,0.046917382349389976
T_pm_base,108,20.317172817885876,0.042083770553567566
T_pm_base,109,20.505268685519695,0.04007355479142544
T_pm_base,110,20.701515208929777,0.0612922330904531
T_pm_base,111,20.837590470910072,0.02850794306694701
T_pm_base,112,21.048010792583227,0.052628180761212506
T_pm_base,113,21.21440963819623,0.02542905459046605
T_pm_base,114,21.45003229379654,0.028657330988363313
T_pm_base,115,21.621796302497387,0.030887426967932313
T_pm_base,116,21.813101693987846,0.03094007272537539
T_pm_base,117,21.98174297809601,0.020029001098237853
T_pm_base,118,22.191809955984354,0.03674512914835995
T_pm_base,119,22.359862085431814,0.046346246222385014
T_pm_base,120,22.52163076773286,0.025144481492972846
T_pm_base,121,22.73729695007205,0.044464337344362254
T_pm_base,122,23.11814082786441,0.17141161936766613
T_pm_base,123,23.133849166333675,0.04733807159130683
T_pm_base,124,23.359000124037266,0.14245957802602632
T_pm_base,125,23.407392110675573,0.03957443566623406
T_pm_base,126,23.666792549192905,0.08334232013297427
T_pm_base,127,23.795010428875685,0.03304927231828884
T_pm_base,128,23.973179515451193,0.04025902489504949
T_pm_base,129,24.216831102967262,0.0331294488907712
T_pm_base,130,24.42292282357812,0.04042678634327834
T_pm_base,131,24.590450804680586,0.0389820203731075
T_pm_base,132,24.7811920940876,0.04048466438639525
T_pm_base,133,24.93500839918852,0.040842820009128526
T_pm_base,134,25.170132983475924,0.11925370813604677
T_pm_base,135,25.346529949456453,0.03880247451059567
T_pm_base,136,25.51688002422452,0.04159960838442194
T_pm_base,137,25.73547149077058,0.09802120561536373
T_pm_base,138,25.879343505948782,0.04149732604723922
T_pm_base,139,26.06386672705412,0.06435405282685436
T_pm_base,140,26.23614016920328,0.03315781522965781
T_pm_base,141,26.435334235429764,0.045241928327913405
T_pm_base,142,26.67321003973484,0.17762882078932127
T_pm_base,143,26.803280226886272,0.07188460862485657
T_pm_base,144,26.98197513818741,0.045845297408951984
T_pm_base,145,27.149574644863605,0.05863613350843896
T_pm_base,146,27.297544665634632,0.02978673329568265
T_pm_base,147,27.530652284622192,0.08111472618561798
T_pm_base,148,27.719566877931356,0.05613396602897839
T_pm_base,149,27.922037430107594,0.05306815598567163
T_pm_base,150,28.126488626003265,0.06974655600572377
T_pm_base,151,28.277823701500893,0.05915183337096308
T_pm_base,152,28.511616121977568,0.13192045496741692
T_pm_base,153,28.65316355600953,0.06407341639036945
T_pm_base,154,28.83029580116272,0.04010815848881573
T_pm_base,155,29.075326677411795,0.1397765509374953
T_pm_base,156,29.243609588593245,0.054059729884418796
T_pm_base,157,29.406480491161346,0.041113710425064426
T_pm_base,158,29.66345613822341,0.16738940750265469
T_pm_base,159,29.697335511446,0.043372632084794534
T_pm_base,160,29.936436470597982,0.04606681451138904
T_pm_base,161,30.075059179216623,0.04695181496568021
T_pm_base,162,30.430713202804327,0.21081746214334696
T_pm_base,163,30.58100864291191,0.24541262542219136
T_pm_base,164,30.668213684111834,0.04335817519821691
T_pm_base,165,30.834274739027023,0.06149048968041036
T_pm_base,166,30.99561659619212,0.039559287287486256
T_pm_base,167,31.241841427981853,0.06985354527055908
T_pm_base,168,31.415324471890926,0.06320404998818453
T_pm_base,169,31.56887972727418,0.040889601093917136
T_pm_base,170,31.77859401330352,0.03876753469642816
T_pm_base,171,31.98982235044241,0.08352549885263819
T_pm_base,172,31.69313333928585,0.05077891798483046
T_pm_base,173,32.352266274392605,0.16299173453305535
T_pm_base,174,32.59257944300771,0.304419511004771
T_pm_base,175,32.21474885940552,0.10973992831779746
T_pm_base,176,32.95349571853876,0.11016019229443691
T_pm_base,177,33.1808652728796,0.23802281163712505
T_pm_base,178,33.30198898911476,0.0763354703109231
T_pm_base,179,33.61226050183177,0.17678557375382156
T_pm_base,180,33.725099451839924,0.20898072616171381
T_pm_base,181,33.889364916831255,0.07316215609084423
T_pm_base,182,34.13148894906044,0.1876945077760791
T_pm_base,183,34.332135040313005,0.2310062923582042
T_pm_base,184,34.41027393564582,0.04759661657096907
T_pm_base,185,34.6048915758729,0.06418726300560786
T_pm_base,186,34.73892156034708,0.06150110052961071
T_pm_base,187,34.942911472171545,0.06383515485662451
T_pm_base,188,35.09630477055907,0.04563141145524406
T_pm_base,189,35.29924135655165,0.058147460047538665
T_pm_base,190,35.540665965527296,0.05307958668164953
T_pm_base,191,35.72051785886288,0.054176083553347416
T_pm_base,192,35.87793596088886,0.054862654556563376
T_pm_base,193,35.93487283214927,0.06295229911030638
T_pm_base,194,36.22883362695575,0.0831765685419841
T_pm_base,195,36.60012762993574,0.06022981176638735
T_pm_base,196,36.5593284368515,0.05429094838457428
T_pm_base,197,36.71717746183276,0.05221095425035357
T_pm_base,198,36.95872239768505,0.08703405807567466
T_pm_base,199,37.09711600095034,0.0422528670559368
T_pm_base,200,37.26457245647907,0.05478397885431733
T_pm_base,201,37.47523343190551,0.04850067138886359
T_pm_base,202,37.711053527891636,0.05385364508513368
T_pm_base,203,37.92719608172774,0.11012392471478272
T_pm_base,204,38.101527746766806,0.05395574664943544
T_pm_base,205,38.33379242569208,0.09911801614427415
T_pm_base,206,38.46934977918863,0.0460628978572114
T_pm_base,207,38.639121409505606,0.0516940531262417
T_pm_base,208,38.79168853163719,0.07052096797910565
T_pm_base,209,39.01069639250636,0.12888982291879292
T_pm_base,210,39.23742426559329,0.05532089151313901
T_pm_base,211,39.35797791928053,0.060357938080056864
T_pm_base,212,39.57752948626876,0.06641299814411118
T_pm_base,213,39.76047933101654,0.06825028092823963
T_pm_base,214,39.89747753366828,0.053483304084918866
T_pm_base,215,40.108109172433615,0.06650131965736605
T_pm_base,216,40.30577391386032,0.06580479746717163
T_pm_base,217,40.490199998021126,0.06668307288325505
T_pm_base,218,40.72658754885197,0.08166540558105702
T_pm_base,219,40.89236315339804,0.08583497246859922
T_pm_base,220,41.051933728158474,0.09107554586275243
T_pm_base,221,41.30784505978227,0.12658200987203316
T_pm_base,222,41.47374927997589,0.18039035006892376
T_pm_base,223,41.762544587254524,0.13089351564560872
T_pm_base,224,41.824840661138296,0.07895829180457596
T_pm_base,225,42.025191616266966,0.10323320742643691
T_pm_base,226,42.16775996610522,0.08621438381636659
T_pm_base,227,42.49311154708266,0.13440827571380698
T_pm_base,228,42.79940044507384,0.10061873682843955
T_pm_base,229,42.90309073403478,0.11891096645453147
T_pm_base,230,42.96437818557024,0.10431945058006702
T_pm_base,231,43.28055512160063,0.129800966437592
T_pm_base,232,43.3206919580698,0.06084437957929923
T_pm_base,233,43.61274130642414,0.14751649572487596
T_pm_base,234,43.64217342808843,0.08570021811852634
T_pm_base,235,43.852263037115335,0.12521596319770342
T_pm_base,236,44.04299706220627,0.08090189139788671
T_pm_base,237,44.20365151017904,0.08486313225570397
T_pm_base,238,44.43219844251871,0.1808438363256877
T_pm_base,239,44.65290913358331,0.15904756326934175
T_pm_base,240,44.826071709394455,0.05626095992671152
T_pm_base,241,45.02404788509011,0.22896391948670902
T_pm_base,242,45.250890869647264,0.26807916490994127
T_pm_base,243,45.395223796367645,0.16359722936798177
T_pm_base,244,45.53939448669553,0.0724102412897628
T_pm_base,245,45.74058689177036,0.0842364396886943
T_pm_base,246,45.90449687093496,0.10395967389246243
T_pm_base,247,46.02019106969237,0.06871336097359045
T_pm_base,248,46.31008580327034,0.1282855260139656
T_pm_base,249,46.33402079343796,0.099658836392549
T_pm_base,250,46.52850246056914,0.04560209757123135
T_pm_base,251,46.72313816845417,0.08363181090018831
T_pm_base,252,46.85379294678569,0.049632888221527505
T_pm_base,253,47.090630512684584,0.05581942485124642
T_pm_base,254,47.274322621524334,0.085589726607093
T_pm_base,255,47.42818046361208,0.052871652006268824
T_pm_base,256,47.68852926790714,0.10907681317608649
T_pm_base,257,47.918331902474165,0.059070606809548926
T_pm_base,258,48.05617481470108,0.060517995825758814
T_pm_base,259,48.19813156500459,0.05765373393712423
T_pm_base,260,48.427162040024996,0.0987793637082145
T_pm_base,261,48.772148974239826,0.2984685447886634
T_pm_base,262,48.89575419947505,0.17307638158431135
T_pm_base,263,49.09710045903921,0.16377728089502316
T_pm_base,264,49.166412837803364,0.13466883813654992
T_pm_base,265,49.36099397018552,0.07696968498976449
T_pm_base,266,49.600864946842194,0.12035063180224928
T_pm_base,267,49.730860721319914,0.06172453909754328
T_pm_base,268,49.88905442878604,0.04859945878486497
T_pm_base,269,50.06196992471814,0.0944331215170644
T_pm_base,270,50.25382349267602,0.0769157389401028
T_pm_base,271,50.43988302350044,0.07454866824884451
T_pm_base,272,50.67080305889249,0.08920345186483718
T_pm_base,273,50.817145220935345,0.05226138629196181
T_pm_base,274,51.021083910018206,0.06786446752303565
T_pm_base,275,51.25654460862279,0.11363591701268745
T_pm_base,276,51.45089514553547,0.08248984238339688
T_pm_base,277,51.57100735232234,0.09354983224971306
T_pm_base,278,51.759259309619665,0.08843648835037184
T_pm_base,279,52.02799811959267,0.06827163320843142
T_pm_base,280,52.26662568747997,0.05518738467145399
T_pm_base,281,52.479695715010166,0.26449662310632305
T_pm_base,282,52.61522736400366,0.26521567283968156
T_pm_base,283,52.718906849622726,0.08590350909037064
T_pm_base,284,52.885779552161694,0.06017092198872499
T_pm_base,285,53.07529866695404,0.09065323270379642
T_pm_base,286,53.25144389644265,0.07590966997986039
T_pm_base,287,53.42154996469617,0.060226551878785735
T_pm_base,288,53.78702962771058,0.1325684935584304
T_pm_base,289,53.84964495897293,0.15343626553584835
T_pm_base,290,54.11883536726236,0.1416625285842719
T_pm_base,291,54.25071036443114,0.10322393880833056
T_pm_base,292,54.55765649676323,0.15763892609027536
T_pm_base,293,54.822453297674656,0.1688404951250184
T_pm_base,294,54.769936203956604,0.09190169768590661
T_pm_base,295,54.93173869326711,0.08027449836199689
T_pm_base,296,55.40603492408991,0.1699800758330464
T_pm_base,297,55.594786349684,0.14995055913877753
T_pm_base,298,55.69214699789882,0.13115359384428282
T_pm_base,299,55.97486877813935,0.08974244834157702
T_pm_base,300,56.11138381063938,0.059583674115835726
T_pm_base,301,56.233008205890656,0.29216357291373934
T_pm_base,302,56.381954438984394,0.24920059216453636
T_pm_base,303,56.42417585477233,0.05263405735833919
T_pm_base,304,56.68108677491546,0.17367799982106355
T_pm_base,305,57.17792296782136,0.310592563440836
T_pm_base,306,57.139975763857365,0.1475604198127548
T_pm_base,307,57.168662175536156,0.11075716404272928
T_pm_base,308,57.63963386416435,0.07152136412709895
T_pm_base,309,57.65475630760193,0.11937227644401117
T_pm_base,310,57.7176664955914,0.11895833075747106
T_pm_base,311,57.99093432724476,0.1285726398976476
T_pm_base,312,58.02525635808706,0.11090375164538056
T_pm_base,313,58.27855933457613,0.1614871362171182
T_pm_base,314,58.89008352532983,0.11103150330769226
T_pm_base,315,58.9426476508379,0.17527250682658466
T_pm_base,316,59.33367721736431,0.10276103406422309
T_pm_base,317,58.83885286748409,0.1370207313912074
T_pm_base,318,59.20081418007612,0.10023306450637592
T_pm_base,319,59.65055776759982,0.1714839503221538
T_pm_base,320,59.89944310858846,0.21541032171440333
T_pm_base,321,60.34726742655039,0.34851501065500623
T_pm_base,322,60.22731037810445,0.4084968206971387
T_pm_base,323,60.14929274097085,0.1058864165827894
T_pm_base,324,60.42306153103709,0.11973158787806863
T_pm_base,325,60.54977038875222,0.12034587309314113
T_pm_base,326,60.788480658084154,0.07548843201324101
T_pm_base,327,60.95566553995013,0.10453309448179571
T_pm_base,328,61.11127119511366,0.1247827584362133
T_pm_base,329,61.400694493204355,0.10881049585381444
T_pm_base,330,61.435783095657825,0.09887182053762522
T_pm_base,331,61.63161899894476,0.10405084843645815
T_pm_base,332,61.80485151708126,0.10710693385514308
T_pm_base,333,62.023704685270786,0.12083046256898222
T_pm_base,334,62.1410540305078,0.09232164558913974
T_pm_base,335,62.33590887859464,0.06894495609268786
T_pm_base,336,62.61403150856495,0.12036313678778872
T_pm_base,337,62.817347794771194,0.14293502030112795
T_pm_base,338,62.98702107742429,0.10928362590544274
T_pm_base,339,63.14320471137762,0.09623729253864051
T_pm_base,340,63.33723766729236,0.11852099946230137
T_pm_base,341,63.589148595929146,0.2783601460646639
T_pm_base,342,63.81763378158212,0.34129744488079294
T_pm_base,343,63.95073691383004,0.1208881729003127
T_pm_base,344,64.06039372086525,0.11364042200218227
T_pm_base,345,64.3108393996954,0.11972877472559429
T_pm_base,346,64.47575781494379,0.11524312911678393
T_pm_base,347,64.77281777188182,0.1836037020490421
T_pm_base,348,64.94440119713545,0.1875731120721573
T_pm_base,349,64.96487678959966,0.11271584764335164
T_pm_base,350,65.13171242550015,0.10401316265600516
T_pm_base,351,65.38714664056897,0.12718735704515763
T_pm_base,352,65.54513275623322,0.05823343669543872
T_pm_base,353,65.60936402529478,0.056275685721285156
T_pm_base,354,65.80222090706229,0.07380038061962162
T_pm_base,355,66.03016518056393,0.08824565811182308
T_pm_base,356,66.40094965696335,0.14021889776732935
T_pm_base,357,66.37172736227512,0.11145772688635858
T_pm_base,358,66.57726308330894,0.1047692906352008
T_pm_base,359,66.88112989068031,0.12929043755065422
T_pm_base,360,66.87473068013787,0.08535367436815969
T_pm_base,361,67.38635776564479,0.3250784177302985
T_pm_base,362,67.52352612093091,0.2630445598819996
T_pm_base,363,67.5801114179194,0.11833563216232619
T_pm_base,364,67.72394515573978,0.10781142684810975
T_pm_base,365,67.95649910345674,0.0713691513831499
T_pm_base,366,68.12080210074782,0.07329860434809972
T_pm_base,367,68.19893009960651,0.06325958616244048
T_pm_base,368,68.42929925769567,0.10016308695642649
T_pm_base,369,68.633839674294,0.11657109951053128
T_pm_base,370,68.74264404177666,0.07769927985540297
T_pm_base,371,69.01953360065818,0.0950708983703668
T_pm_base,372,69.2398994229734,0.14766825453404475
T_pm_base,373,69.39427712932229,0.27047536156279317
T_pm_base,374,69.54281609505415,0.09899210870710357
T_pm_base,375,69.76073542609811,0.10856764137851403
T_pm_base,376,69.94026666507125,0.20608036278079328
T_pm_base,377,70.26766808703542,0.31254681493452163
T_pm_base,378,70.38608193397522,0.09329821015556079
T_pm_base,379,70.61480628326535,0.11641095720202145
T_pm_base,380,70.78792955726385,0.15256937020250144
T_pm_base,381,71.05522565543652,0.44270292892412116
T_pm_base,382,71.06759464368224,0.1367492035849825
T_pm_base,383,71.26145735383034,0.1275618133655605
T_pm_base,384,71.53006354346871,0.08514956615879007
T_pm_base,385,71.42804563045502,0.13018928470339242
T_pm_base,386,71.9050943851471,0.08937203107891646
T_pm_base,387,71.99822179973125,0.10607170124033412
T_pm_base,388,72.19686219468713,0.09854978109225442
T_pm_base,389,72.3369775339961,0.081040608706779
T_pm_base,390,72.57451880723238,0.16068730800771663
T_pm_base,391,72.646005731076,0.28715730791104466
T_pm_base,392,72.91126633062959,0.11953721447901071
T_pm_base,393,73.13366467133164,0.1267067280597021
T_pm_base,394,73.30200914293528,0.10696777034450128
T_pm_base,395,73.42262091115117,0.11002750267065922
T_pm_base,396,73.7726042047143,0.17361318111215832
T_pm_base,397,74.05045833438635,0.3031309085627229
T_pm_base,398,74.1304524242878,0.16007106954945902
T_pm_base,399,74.20302163809538,0.06205691765237196
T_pm_base,400,74.50800556689501,0.16160901395739347
T_pm_base,401,74.72468316555023,0.3562534248140246
T_pm_base,402,74.98129615560174,0.23914990117381038
T_pm_base,403,75.07845172658563,0.19631365565942518
T_pm_base,404,75.07596118375659,0.10618287016906428
T_pm_base,405,75.36939792335033,0.1653806553745411
T_pm_base,406,75.50068031996489,0.10263189375735318
T_pm_base,407,75.7306900806725,0.08589978503619247
T_pm_base,408,76.00415544584394,0.14651230610386298
T_pm_base,409,76.04758897796273,0.10325811763412066
T_pm_base,410,76.19531536474824,0.11572467004128088
T_pm_base,411,76.41514874994755,0.14496023020054954
T_pm_base,412,76.5965792350471,0.13444255103537653
T_pm_base,413,76.76089145243168,0.11285316370766314
T_pm_base,414,77.0257281139493,0.11654126788539505
T_pm_base,415,77.05351281911135,0.1281559540193973
T_pm_base,416,76.99251230806112,0.08390839182893686
T_pm_base,417,77.18851743265986,0.1260364926972502
T_pm_base,418,77.60032182559371,0.1183458189738927
T_pm_base,419,77.90855942294002,0.09920300776854893
T_pm_base,420,78.12216570600867,0.13088802796781704
T_pm_base,421,78.46164284273982,0.36454648597687717
T_pm_base,422,78.51521717384458,0.10325699722032346
T_pm_base,423,78.64293185994029,0.18434019971665386
T_pm_base,424,79.00938708335161,0.10121665619783471
T_pm_base,425,79.11105770617723,0.23455873995820167
T_pm_base,426,79.35790615156293,0.3867198078567488
T_pm_base,427,79.39079171046615,0.09980628870938595
T_pm_base,428,79.53485418111086,0.14462379667733585
T_pm_base,429,79.69142543151975,0.12253113709306415
T_pm_base,430,79.98919440433383,0.08448456474708452
T_pm_base,431,80.06720030680299,0.14106566803142218
T_pm_base,432,80.36324167624116,0.10916247852297511
T_pm_base,433,80.4687736555934,0.08884308415567656
T_pm_base,434,80.74124557897449,0.1264249547509694
T_pm_base,435,80.84643809124827,0.17069865642684875
T_pm_base,436,81.32337741553783,0.10997444363139766
T_pm_base,437,81.19360450655222,0.14743734519927187
T_pm_base,438,81.36342335492373,0.08947997194335369
T_pm_base,439,81.53754016384482,0.08444695343079256
T_pm_base,440,81.68770894408226,0.11659158613106443
T_pm_base,441,82.0161435753107,0.2877535631895161
T_pm_base,442,82.26065915077925,0.15674752247246695
T_pm_base,443,82.33819399029016,0.14648646725022
T_pm_base,444,82.54780881106853,0.12687308127914354
T_pm_base,445,82.67569290474057,0.10824499126095947
T_pm_base,446,82.81435007229447,0.12335452758094298
T_pm_base,447,83.42544650658965,0.16597598710935393
T_pm_base,448,83.2719087600708,0.11437168300521008
T_pm_base,449,83.61662346869707,0.1418963044428481
T_pm_base,450,83.6335077881813,0.1404282188320083
T_pm_base,451,83.90158861875534,0.1426698256398439
T_pm_base,452,84.14254868403077,0.1905093361530896
T_pm_base,453,84.38649848103523,0.1607682813250453
T_pm_base,454,84.49293142184615,0.1138434512039481
T_pm_base,455,84.60435243323445,0.10924720947966385
T_pm_base,456,84.77184539660811,0.09662710896213754
T_pm_base,457,84.96266277506948,0.07812026013340193
T_pm_base,458,85.1623653434217,0.12436431973114681
T_pm_base,459,85.28411742299795,0.1103274424121302
T_pm_base,460,85.55851643905044,0.09914845501028385
T_pm_base,461,85.90427795425057,0.40501828190493755
T_pm_base,462,85.91156313195825,0.07478612840564534
T_pm_base,463,86.26327607780695,0.146388811535369
T_pm_base,464,86.42525533214211,0.14669750504772314
T_pm_base,465,86.50721749290824,0.1270834612160725
T_pm_base,466,86.62929832935333,0.12794059830521395
T_pm_base,467,86.78498631343246,0.08307674755021613
T_pm_base,468,87.0330786332488,0.09051355956320166
T_pm_base,469,87.20563212409616,0.14220030931115932
T_pm_base,470,87.4095518141985,0.10156528704818263
T_pm_base,471,87.45789229869843,0.1426090052530185
T_pm_base,472,87.61037765070796,0.07624110488845194
T_pm_base,473,87.97948807477951,0.102057695123751
T_pm_base,474,88.03928475826979,0.10159560368431995
T_pm_base,475,88.21899313479662,0.11570142864263433
T_pm_base,476,88.36521059274673,0.1090796705992701
T_pm_base,477,88.72481947764754,0.13307691081417622
T_pm_base,478,88.91658280044794,0.12428831664005756
T_pm_base,479,89.03061440214515,0.1092060259675728
T_pm_base,480,89.3687205389142,0.4283795904488799
T_pm_base,481,89.26748875528574,0.44153083173594115
T_pm_base,482,89.72277650609612,0.3495169483331296
T_pm_base,483,89.89744698628783,0.37554723115650945
T_pm_base,484,90.00053573399782,0.14383505374930125
T_pm_base,485,90.23388922214508,0.12353948197625335
T_pm_base,486,90.28437286615372,0.14993830249352907
T_pm_base,487,90.48251044005156,0.15672963177527724
T_pm_base,488,90.07904659956694,0.8057123191365394
T_pm_base,489,91.12160634249449,0.38450238348590443
T_pm_base,490,91.22456163167953,0.40652071421804187
T_pm_base,491,91.44517220556736,0.3760760723299671
T_pm_base,492,91.63781376555562,0.16978019925446597
T_pm_base,493,91.73157783225179,0.17900359224997958
T_pm_base,494,92.02231643721461,0.2126700472557465
T_pm_base,495,91.98502115905285,0.1966026144505445
T_pm_base,496,92.32934731990099,0.23989102598428308
T_pm_base,497,92.2999300993979,0.16499979946732357
T_pm_base,498,92.67708351835608,0.21813735761895187
T_pm_base,499,92.81863030046225,0.17893241634616797
T_pm_base,500,93.14784901216626,0.20257494800448186
T_pm_base,501,93.31101281568408,0.5907050256448575
T_pm_base,502,93.35481515154243,0.13381714838223308
T_pm_base,503,93.62285491079092,0.24813093947551057
T_pm_base,504,93.70111459866166,0.1528979817923344
T_pm_base,505,93.76835245639086,0.13058553593178726
T_pm_base,506,94.20882230624557,0.14797919625041805
T_pm_base,507,94.2181022837758,0.14767933257707375
T_pm_base,508,94.03445273637772,0.15422925464428452
T_pm_base,509,94.45076314732432,0.20430572306792621
T_pm_base,510,94.87139377743006,0.182379554948759
T_pm_base,511,95.00119928270578,0.22530063003490536
T_pm_base,512,95.4341041855514,0.3005348957929968
T_pm_base,513,95.35139575600624,0.37657801452962386
T_pm_base,514,95.65007481724024,0.15286342567906563
T_pm_base,515,95.77532466500998,0.18416747365826744
T_pm_base,516,95.9490129724145,0.18577586838556187
T_pm_base,517,96.06988299638033,0.1718575849485963
T_pm_base,518,96.35211136192083,0.20899362679648884
T_pm_base,519,96.49405619129539,0.15410503959387925
T_pm_base,520,96.67326435446739,0.16908687981302767
T_pm_base,521,97.06380609422922,0.4342545225527518
T_pm_base,522,96.97094475850463,0.1432233389901967
T_pm_base,523,97.46992411091924,0.22160170517212183
T_pm_base,524,97.4397324025631,0.18595881894936703
T_pm_base,525,97.5981431081891,0.2187650814826672
T_pm_base,526,98.0555422604084,0.1525458423754562
T_pm_base,527,98.00379686057568,0.1452273966560896
T_pm_base,528,98.23678266257048,0.10837878683203217
T_pm_base,529,98.33234380930662,0.10273313985913345
T_pm_base,530,98.51842392235994,0.14736311198184368
T_pm_base,531,98.70473938062787,0.3062136606565415
T_pm_base,532,98.98121245205402,0.1642504035031786
T_pm_base,533,99.02579048648477,0.12243789795045178
T_pm_base,534,99.85804408788681,0.14429587951451642
T_pm_base,535,99.44963529706001,0.1346083376381183
T_pm_base,536,99.6603213250637,0.15445792941274664
T_pm_base,537,99.92504976689816,0.18645446562069573
T_pm_base,538,100.27148108929396,0.20979725265591187
T_pm_base,539,100.18586618825793,0.1563878161085983
T_pm_base,540,100.31930403783917,0.12872615088055103
T_pm_base,541,100.88731152936816,0.5794584978951286
T_pm_base,542,100.07493598386645,0.3725022435284396
T_pm_base,543,100.62836287543178,0.10492168631106646
T_pm_base,544,100.84234299138188,0.12135104845003186
T_pm_base,545,101.00285364314914,0.08536113882820001
T_pm_base,546,101.24224564060569,0.12648584521204775
T_pm_base,547,101.39183532446623,0.1111998129674988
T_pm_base,548,101.56233571469784,0.08230692406986646
T_pm_base,549,101.73588488250971,0.13492622204915047
T_pm_base,550,101.9638005644083,0.08638363978085978
T_pm_base,551,102.14850027114153,0.11670382457119592
T_pm_base,552,102.3791435174644,0.10064328842630763
T_pm_base,553,102.65469644218683,0.12334361550854578
T_pm_base,554,102.7606226503849,0.14904296084654436
T_pm_base,555,102.85252444446087,0.11554451458330856
T_pm_base,556,103.09045100584626,0.11078595858250996
T_pm_base,557,103.15716788172722,0.15825577334649216
T_pm_base,558,103.57986921444535,0.1080565023596183
T_pm_base,559,104.0837169624865,0.17563776633812742
T_pm_base,560,103.86907905340195,0.16473008490476015
T_pm_base,561,104.2948485352099,0.5709866747378209
T_pm_base,562,104.27711876109242,0.10244068898784449
T_pm_base,563,104.42138072103262,0.09729963184127813
T_pm_base,564,104.71079451963305,0.11032246670662631
T_pm_base,565,105.05088102072477,0.12162901706296712
T_pm_base,566,104.93911430239677,0.1071998257050923
T_pm_base,567,105.03296367824078,0.15051589586970995
T_pm_base,568,105.35858999937773,0.12387234022910124
T_pm_base,569,105.53702237084508,0.1503557920640017
T_pm_base,570,105.80930523574352,0.20145858402851316
T_pm_base,571,105.78307723626494,0.216042404023846
T_pm_base,572,106.18881583213806,0.17331837891982246
T_pm_base,573,106.52777785435319,0.09775767993182367
T_pm_base,574,106.61141574382782,0.1862978822800225
T_pm_base,575,106.67808623984456,0.11369884053020186
T_pm_base,576,107.29030249640346,0.12099248407178906
