method,image_idx,n_out
plus,0,96
plus,1,146
plus,2,84
plus,3,175
plus,4,77
plus,5,81
plus,6,142
plus,7,232
plus,8,105
plus,9,120
plus,10,126
plus,11,141
plus,12,145
plus,13,124
plus,14,38
plus,15,95
plus,16,31
plus,17,145
plus,18,119
plus,19,324
plus,20,125
plus,21,92
plus,22,49
plus,23,124
plus,24,118
plus,25,143
plus,26,123
plus,27,176
plus,28,77
plus,29,119
plus,30,178
plus,31,147
plus,32,148
plus,33,148
plus,34,144
plus,35,234
plus,36,93
plus,37,233
plus,38,38
plus,39,82
plus,40,75
plus,41,174
plus,42,180
plus,43,105
plus,44,107
plus,45,144
plus,46,220
plus,47,181
plus,48,144
plus,49,146
plus,50,145
plus,51,124
plus,52,95
plus,53,125
plus,54,226
plus,55,142
plus,56,123
plus,57,118
plus,58,124
plus,59,77
plus,60,228
plus,61,126
plus,62,177
plus,63,146
plus,64,175
plus,65,108
plus,66,180
plus,67,175
plus,68,178
plus,69,229
plus,70,86
plus,71,95
plus,72,49
plus,73,182
plus,74,173
plus,75,120
plus,76,106
plus,77,94
plus,78,74
plus,79,143
plus,80,121
plus,81,124
plus,82,64
plus,83,143
plus,84,175
plus,85,225
plus,86,145
plus,87,142
plus,88,41
plus,89,176
plus,90,180
plus,91,122
plus,92,326
plus,93,94
plus,94,105
plus,95,121
plus,96,145
plus,97,65
plus,98,105
plus,99,145
plus,100,178
plus,101,95
plus,102,107
plus,103,237
plus,104,144
plus,105,145
plus,106,182
plus,107,182
plus,108,108
plus,109,145
plus,110,181
plus,111,182
plus,112,177
plus,113,332
plus,114,182
plus,115,70
plus,116,172
plus,117,33
plus,118,105
plus,119,119
plus,120,173
plus,121,123
plus,122,107
plus,123,55
plus,124,93
plus,125,180
plus,126,176
plus,127,329
plus,128,177
plus,129,139
plus,130,145
plus,131,48
plus,132,225
plus,133,224
plus,134,172
plus,135,106
plus,136,54
plus,137,175
plus,138,107
plus,139,176
plus,140,174
plus,141,125
plus,142,144
plus,143,64
plus,144,121
plus,145,70
plus,146,75
plus,147,239
plus,148,174
plus,149,125
plus,150,232
plus,151,337
plus,152,177
plus,153,180
plus,154,94
plus,155,222
plus,156,81
plus,157,173
plus,158,105
plus,159,232
plus,160,95
plus,161,114
plus,162,146
plus,163,184
plus,164,120
plus,165,225
plus,166,127
plus,167,120
plus,168,93
plus,169,167
plus,170,233
plus,171,143
plus,172,121
plus,173,145
plus,174,178
plus,175,107
plus,176,41
plus,177,75
plus,178,227
plus,179,124
plus,180,138
plus,181,119
plus,182,83
plus,183,322
plus,184,105
plus,185,17
plus,186,120
plus,187,123
plus,188,92
plus,189,236
plus,190,227
plus,191,80
plus,192,83
plus,193,107
plus,194,146
plus,195,82
plus,196,144
plus,197,177
plus,198,123
plus,199,176
plus,200,93
plus,201,150
plus,202,122
plus,203,230
plus,204,104
plus,205,176
plus,206,328
plus,207,234
plus,208,137
plus,209,177
plus,210,178
plus,211,122
plus,212,332
plus,213,63
plus,214,107
plus,215,179
plus,216,108
plus,217,180
plus,218,120
plus,219,228
plus,220,45
plus,221,231
plus,222,107
plus,223,44
plus,224,144
plus,225,177
plus,226,119
plus,227,45
plus,228,230
plus,229,178
plus,230,181
plus,231,230
plus,232,120
plus,233,106
plus,234,78
plus,235,148
plus,236,136
plus,237,62
plus,238,343
plus,239,122
plus,240,82
plus,241,227
plus,242,93
plus,243,145
plus,244,179
plus,245,176
plus,246,123
plus,247,70
plus,248,139
plus,249,104
plus,250,147
plus,251,124
plus,252,170
plus,253,120
plus,254,123
plus,255,68
plus,256,576
plus,257,122
plus,258,104
plus,259,142
plus,260,174
plus,261,177
plus,262,81
plus,263,124
plus,264,49
plus,265,95
plus,266,116
plus,267,228
plus,268,123
plus,269,120
plus,270,24
plus,271,229
plus,272,122
plus,273,59
plus,274,95
plus,275,71
plus,276,119
plus,277,93
plus,278,143
plus,279,108
plus,280,107
plus,281,121
plus,282,177
plus,283,233
plus,284,324
plus,285,144
plus,286,92
plus,287,147
plus,288,124
plus,289,77
plus,290,123
plus,291,68
plus,292,106
plus,293,140
plus,294,177
plus,295,42
plus,296,172
plus,297,181
plus,298,182
plus,299,69
plus,300,143
plus,301,178
plus,302,126
plus,303,228
plus,304,110
plus,305,107
plus,306,120
plus,307,121
plus,308,225
plus,309,222
plus,310,42
plus,311,141
plus,312,174
plus,313,230
plus,314,333
plus,315,118
plus,316,171
plus,317,119
plus,318,175
plus,319,179
plus,320,143
plus,321,94
plus,322,220
plus,323,82
plus,324,107
plus,325,145
plus,326,75
plus,327,326
plus,328,221
plus,329,185
plus,330,233
plus,331,177
plus,332,177
plus,333,92
plus,334,229
plus,335,68
plus,336,85
plus,337,83
plus,338,177
plus,339,119
plus,340,145
plus,341,222
plus,342,170
plus,343,145
plus,344,232
plus,345,106
plus,346,327
plus,347,182
plus,348,68
plus,349,106
plus,350,124
plus,351,184
plus,352,237
plus,353,32
plus,354,108
plus,355,125
plus,356,82
plus,357,145
plus,358,77
plus,359,81
plus,360,120
plus,361,82
plus,362,85
plus,363,37
plus,364,145
plus,365,149
plus,366,179
plus,367,226
plus,368,234
plus,369,122
plus,370,56
plus,371,171
plus,372,120
plus,373,226
plus,374,125
plus,375,241
plus,376,180
plus,377,237
plus,378,221
plus,379,142
plus,380,96
plus,381,83
plus,382,146
plus,383,107
plus,384,62
plus,385,144
plus,386,144
plus,387,95
plus,388,104
plus,389,78
plus,390,64
plus,391,65
plus,392,231
plus,393,225
plus,394,323
plus,395,93
plus,396,175
plus,397,175
plus,398,325
plus,399,232
plus,400,174
plus,401,108
plus,402,233
plus,403,95
plus,404,319
plus,405,106
plus,406,91
plus,407,149
plus,408,227
plus,409,69
plus,410,174
plus,411,108
plus,412,145
plus,413,182
plus,414,173
plus,415,75
plus,416,228
plus,417,94
plus,418,123
plus,419,118
plus,420,223
plus,421,231
plus,422,64
plus,423,83
plus,424,179
plus,425,45
plus,426,148
plus,427,123
plus,428,228
plus,429,92
plus,430,324
plus,431,103
plus,432,187
plus,433,326
plus,434,184
plus,435,38
plus,436,64
plus,437,239
plus,438,145
plus,439,142
plus,440,33
plus,441,178
plus,442,232
plus,443,104
plus,444,105
plus,445,146
plus,446,172
plus,447,33
plus,448,123
plus,449,220
plus,450,105
plus,451,123
plus,452,168
plus,453,185
plus,454,175
plus,455,94
plus,456,127
plus,457,145
plus,458,93
plus,459,231
plus,460,77
plus,461,93
plus,462,172
plus,463,173
plus,464,181
plus,465,147
plus,466,235
plus,467,180
plus,468,145
plus,469,84
plus,470,60
plus,471,91
plus,472,181
plus,473,62
plus,474,179
plus,475,105
plus,476,124
plus,477,109
plus,478,176
plus,479,94
plus,480,231
plus,481,95
plus,482,95
plus,483,144
plus,484,48
plus,485,231
plus,486,179
plus,487,225
plus,488,179
plus,489,237
plus,490,122
plus,491,147
plus,492,93
plus,493,102
plus,494,121
plus,495,144
plus,496,123
plus,497,75
plus,498,229
plus,499,76
