component,N,mean_ms,std_ms
T_pm_base,1,2.4779706494882703,0.3091178618142996
T_pm_base,2,2.6750615157652646,0.04093967709190844
T_pm_base,3,3.633054898818955,0.03192907892466365
T_pm_base,4,4.577040404547006,0.031430579627483246
T_pm_base,5,5.620764777995646,0.06211348784183067
T_pm_base,6,6.615715706720948,0.036386170528589785
T_pm_base,7,7.490781752858311,0.07445949670194142
T_pm_base,8,8.477353246416897,0.029260619550559874
T_pm_base,9,9.444096038350835,0.03606385223209833
T_pm_base,10,10.42638416402042,0.05423648762122474
T_pm_base,11,11.341980454744771,0.05488100427362467
T_pm_base,12,12.300369335571304,0.04264333996615946
T_pm_base,13,13.260332448408008,0.04208660711606971
T_pm_base,14,14.192015439039096,0.06174899201779258
T_pm_base,15,15.18779369071126,0.04268962604197374
T_pm_base,16,16.119025310035795,0.06922506299081754
T_pm_base,17,17.07405385095626,0.04921357744254593
T_pm_base,18,18.03226845804602,0.053787822094692316
T_pm_base,19,18.983567447867244,0.05010848161221525
T_pm_base,20,19.87579720444046,0.055587661829218135
T_pm_base,21,20.931154931895435,0.09561555034073996
T_pm_base,22,21.73819798626937,0.052806503560705376
T_pm_base,23,22.747144458116964,0.049798410997489516
T_pm_base,24,23.709248192608356,0.06210889062172246
T_pm_base,25,24.664413218852133,0.0799199655223666
T_pm_base,26,25.598366651684046,0.05974987701253672
T_pm_base,27,26.584649964934215,0.08239562628277719
T_pm_base,28,27.488383802119642,0.07500601790503947
T_pm_base,29,28.53957374463789,0.15508639856028908
T_pm_base,30,29.3838313955348,0.0687459946232318
T_pm_base,31,30.32867296715267,0.06427107593641831
T_pm_base,32,31.305021949810907,0.11687277759019014
T_pm_base,33,32.29005278553814,0.08111935356647129
T_pm_base,34,33.245347399497405,0.07858699124454914
T_pm_base,35,34.19927875511348,0.06522046373472366
T_pm_base,36,35.14825289021246,0.09797826609351874
T_pm_base,37,36.09228925779462,0.0905880745498538
T_pm_base,38,37.02846185187809,0.1331793991007623
T_pm_base,39,37.970405764644966,0.12674768525883814
T_pm_base,40,38.8884581043385,0.09335285575013441
T_pm_base,41,39.81078406795859,0.09175945042257655
T_pm_base,42,40.75740167172626,0.11731729387192746
T_pm_base,43,41.68036756454967,0.11022129143271388
T_pm_base,44,42.598218127386644,0.09762900062745118
T_pm_base,45,43.52339859469794,0.12679422155036657
T_pm_base,46,44.42803170531988,0.13292973005801242
T_pm_base,47,45.387187105370685,0.09053585329234734
T_pm_base,48,46.30850161775015,0.06868670694694486
T_pm_base,49,47.19270404893905,0.14755576980367768
T_pm_base,50,48.72016428853385,0.9414247584420068
T_pm_base,51,49.323764559812844,0.13298135655764762
T_pm_base,52,50.704698130721226,0.41256237308944094
T_pm_base,53,51.46979184355587,0.26847509878214576
T_pm_base,54,52.27624585386366,0.2471651283399946
T_pm_base,55,53.144116600742564,0.2525262978988371
T_pm_base,56,54.176453687250614,0.2742125905371597
T_pm_base,57,55.293548898771405,0.33518362283449094
T_pm_base,58,56.209815584588796,0.23312712686179102
T_pm_base,59,56.9669104530476,0.20222453157148335
T_pm_base,60,57.85277995164506,0.17601341017596092
T_pm_base,61,58.852547261631116,0.20061550438933254
T_pm_base,62,60.09819276514463,0.7095679624726228
T_pm_base,63,60.718932101735845,0.2562887891995302
T_pm_base,64,61.76115589332767,0.21504922772639062
T_pm_base,65,62.6053623505868,0.17497649169905538
T_pm_base,66,63.395446742651984,0.1380069811108748
T_pm_base,67,64.3834263086319,0.4243409078678581
T_pm_base,68,65.18890759325586,0.13416924235947644
T_pm_base,69,66.09052474377677,0.11979863224538076
T_pm_base,70,67.21853339695372,0.821772460613573
T_pm_base,71,68.3463342487812,0.3710082280461566
T_pm_base,72,69.16074503678828,0.8742550294483095
T_pm_base,73,69.98778195702471,0.44760178370303627
T_pm_base,74,70.94257563003339,0.14100206650245348
T_pm_base,75,71.80308480747044,0.2187315033873392
T_pm_base,76,72.71659330581315,0.18315072417648567
T_pm_base,77,73.49329029093497,0.1730106523474606
T_pm_base,78,74.64623032137752,0.15862375487712213
T_pm_base,79,75.36133614485152,0.19356712816803995
T_pm_base,80,76.27376928576268,0.2127747177078913
T_pm_base,81,77.33511146507226,0.224928771804495
T_pm_base,82,78.26888118870556,0.1417573876916298
T_pm_base,83,79.37833770411089,0.1907291821090928
T_pm_base,84,80.20728190313093,0.13352578315179411
T_pm_base,85,81.09377699438483,0.14106833097874
T_pm_base,86,82.03581025009044,0.19273913988142904
T_pm_base,87,83.09862809837796,0.15119616572727856
T_pm_base,88,83.9169432525523,0.20603317108038413
T_pm_base,89,84.82486581779085,0.17504541570954685
T_pm_base,90,85.98760797758587,0.19713947482881206
T_pm_base,91,86.76675133756362,0.20718924359187546
T_pm_base,92,87.81649039010517,0.16469688994510548
T_pm_base,93,88.66190501139499,0.2485865328090091
T_pm_base,94,89.68941489001736,0.1877429334054715
T_pm_base,95,90.78639302751981,0.21665243981307056
T_pm_base,96,91.82491904939525,0.5014134557048623
T_pm_base,97,92.83459682483226,0.2996853009109798
T_pm_base,98,93.76863203360699,0.7902140657572906
T_pm_base,99,94.69607010250911,0.294467580253508
T_pm_base,100,95.7104726403486,0.2824835706876088
T_pm_base,101,97.03706508735195,0.8814434010652976
T_pm_base,102,97.59135586791672,0.28004163186613945
T_pm_base,103,98.78388372599147,0.8095083214530928
T_pm_base,104,99.57027380005457,0.24527301164393697
T_pm_base,105,100.41356541332789,0.1882371776762962
T_pm_base,106,101.45501475781202,0.7942897874099608
T_pm_base,107,102.0723688416183,0.24383533270295285
T_pm_base,108,103.0249560426455,0.3198586499903514
T_pm_base,109,104.25050249905325,0.2775102854636581
T_pm_base,110,105.09767874027602,0.1779084744811818
T_pm_base,111,106.36664486373775,0.7733758214344497
T_pm_base,112,106.86961308820173,0.24702511489997944
T_pm_base,113,108.33408939070068,0.8600178642018799
T_pm_base,114,108.52182797971182,0.22352306694496957
T_pm_base,115,109.54698105342686,0.2088301073021751
T_pm_base,116,110.51418620045297,0.8591969180109814
T_pm_base,117,111.28073129802942,0.4738901846993406
T_pm_base,118,112.23401625175029,0.21940986709771013
T_pm_base,119,113.22639606660232,0.250577840127522
T_pm_base,120,114.1232690482866,0.22465293860733992
T_pm_base,121,114.98928575310856,0.18241268293439156
T_pm_base,122,115.80109681235626,0.21240778966461288
T_pm_base,123,116.94812854402699,0.18409704365672402
T_pm_base,124,117.76789356372319,0.21762770947602478
T_pm_base,125,118.49495935020968,0.2505333685523879
T_pm_base,126,119.32626201305538,0.16812077172816564
T_pm_base,127,120.3630872478243,0.2096432298519645
T_pm_base,128,121.35635048034601,0.5891171512899593
T_pm_base,129,123.00104961614124,0.9182794058813883
T_pm_base,130,123.8155295024626,0.3857209511835889
T_pm_base,131,125.07931136642583,0.918713330071254
T_pm_base,132,125.83243870176375,0.5253904712586104
T_pm_base,133,126.86950912466273,0.7884404569172399
T_pm_base,134,127.76329554617405,1.1969962857257384
T_pm_base,135,127.81440373510122,0.7651373485101488
T_pm_base,136,128.65616725175641,0.3891368532385637
T_pm_base,137,129.472728719702,0.17658607087731643
T_pm_base,138,130.58394248364493,0.217113266395723
T_pm_base,139,131.361501844367,0.2587321161847918
T_pm_base,140,132.61083280667663,0.1518350422517444
T_pm_base,141,133.34374354453757,0.3184850207671737
T_pm_base,142,134.18670389801264,0.18492885221840036
T_pm_base,143,135.9379726171028,1.2661324667128253
T_pm_base,144,136.93447736441158,0.9342747227767814
T_pm_base,145,137.90621734806336,0.5198524820740451
T_pm_base,146,139.01260669226758,0.9944558356367422
T_pm_base,147,139.74396107369103,0.4267659826382112
T_pm_base,148,140.70740129682235,1.1156172997746179
T_pm_base,149,141.63498666021042,0.5241232761616172
T_pm_base,150,142.62942440691404,0.8062769772260232
T_pm_base,151,143.66431879461743,0.544522519166282
T_pm_base,152,144.57814415800385,0.4620692260459748
T_pm_base,153,145.76049307361245,1.0098256307479083
T_pm_base,154,146.81243235827424,0.5487258290772719
T_pm_base,155,147.74568031425588,0.8553574136796663
T_pm_base,156,148.35445197531953,1.0866275571924762
T_pm_base,157,148.75163040705957,0.2848023481090454
T_pm_base,158,149.5333947998006,0.3449024618583621
T_pm_base,159,150.76147100771777,0.2638264384558745
T_pm_base,160,151.6086203395389,0.292590969811206
T_pm_base,161,152.94915070408024,0.9391610005946833
T_pm_base,162,154.49436065973714,1.0017020666812546
T_pm_base,163,154.68718410120346,0.5111804849971882
T_pm_base,164,155.5410183093045,0.22286508621695839
T_pm_base,165,156.5930935612414,0.16567220636816943
T_pm_base,166,157.69469438237138,0.3243162850798314
T_pm_base,167,158.55686639552005,0.1765186600207367
T_pm_base,168,159.45475244661793,0.3278233884844305
T_pm_base,169,160.26863235747442,0.26066272782125294
T_pm_base,170,161.04737615096383,0.25441787248813047
T_pm_base,171,162.09442555555142,0.3737141764702884
T_pm_base,172,163.23319174116477,0.3824224419044153
T_pm_base,173,163.842276961077,0.24870037426535535
T_pm_base,174,164.74970075068995,0.23492077010956958
T_pm_base,175,165.65655315644108,0.2727519052699602
T_pm_base,176,166.51458125561476,0.3616418608935273
T_pm_base,177,167.48361690551974,0.19691120570441692
T_pm_base,178,168.501901300624,0.2573601134538332
T_pm_base,179,169.82035335386172,0.3000385611593185
T_pm_base,180,170.74410669738427,0.28077271510398427
T_pm_base,181,171.33244780707173,0.20449653649716273
T_pm_base,182,172.38155024242587,0.2977192326581273
T_pm_base,183,173.01232060417533,0.23731770204557193
T_pm_base,184,174.47317419573665,0.8070884142150945
T_pm_base,185,175.92601160285994,1.3123256158965182
T_pm_base,186,175.9664061362855,0.7455959536326523
T_pm_base,187,176.90477919531986,0.26502638440095566
T_pm_base,188,177.80253879609518,0.3531216841957346
T_pm_base,189,178.65303539438173,0.26109797703553544
T_pm_base,190,180.37141721579246,1.3659955564319215
T_pm_base,191,180.89817975996993,1.4661100846382893
T_pm_base,192,181.51382546056993,0.3099366900576635
T_pm_base,193,182.06565059372224,0.31890915613661497
T_pm_base,194,183.1212366465479,0.37645260909320294
T_pm_base,195,183.85867085889913,0.25043122143485586
T_pm_base,196,185.88827472995035,1.499579979176003
T_pm_base,197,186.71230204054154,0.6625757685601371
T_pm_base,198,187.53296625218354,0.36179244293574675
T_pm_base,199,188.47664659260772,1.1476795434763944
T_pm_base,200,188.70075710583478,0.9145930055173632
T_pm_base,201,189.41213360521942,0.4220868533328847
T_pm_base,202,191.51758477673866,0.8264220158463572
T_pm_base,203,192.58476264658384,1.0022031092070836
T_pm_base,204,193.67733624530956,0.8298093579949576
T_pm_base,205,194.70962915220298,0.5028724091358892
T_pm_base,206,195.57841039495543,0.4976756852952863
T_pm_base,207,196.06598705868237,1.3649312787542267
T_pm_base,208,196.37146989116445,0.2959583247009145
T_pm_base,209,197.38267886568792,0.3208349486270859
T_pm_base,210,198.12398864887655,0.38248002187064567
T_pm_base,211,199.0857235970907,0.2841406023658531
T_pm_base,212,200.2862743625883,0.43183403710874046
T_pm_base,213,200.96603443380445,0.22842050276945328
T_pm_base,214,201.8691766774282,0.24448884670369336
T_pm_base,215,202.8365978389047,0.3915262788086167
T_pm_base,216,204.1285117098596,0.853717484920933
T_pm_base,217,205.46420234022662,0.9030862496779678
T_pm_base,218,206.67711825226434,0.7947779009479886
T_pm_base,219,207.40055399364792,0.664030280448433
T_pm_base,220,208.07357784360647,0.44032249544468754
T_pm_base,221,208.70527473744005,1.2483119353752448
T_pm_base,222,209.58784213871695,0.8017383565132647
T_pm_base,223,210.82757305703126,1.044633738288134
T_pm_base,224,211.85283191152848,0.858188964261313
T_pm_base,225,212.42703353636898,0.9860403934466312
T_pm_base,226,213.3287981909234,0.35565713838708163
T_pm_base,227,214.14230375085026,0.2946546908402191
T_pm_base,228,215.64042675308883,0.48234021201926003
T_pm_base,229,216.2596836918965,0.37316139492543066
T_pm_base,230,218.05338184931315,1.4778875260985822
T_pm_base,231,218.78330095205456,0.867852993577455
T_pm_base,232,219.5073014125228,1.078955930822475
T_pm_base,233,220.65677338978276,0.3645703748395565
T_pm_base,234,221.40470530139282,0.44716581260511584
T_pm_base,235,221.83175629470497,0.5789536512883232
T_pm_base,236,223.650450137211,1.0841815473139356
T_pm_base,237,224.7573870990891,0.7615713432823809
T_pm_base,238,225.69107673480175,0.9281667416921907
T_pm_base,239,226.5082001045812,1.1569669397691102
T_pm_base,240,226.8837127427105,1.1787933837296547
T_pm_base,241,228.11655245604925,1.0522364691135861
T_pm_base,242,229.26415690453723,0.36770063472387354
T_pm_base,243,229.5204935129732,1.0851890901780308
T_pm_base,244,231.04545518290251,1.4159427595191092
T_pm_base,245,231.39822994126007,0.43236546765875083
T_pm_base,246,232.25216029095463,0.3209287575216378
T_pm_base,247,233.18051858223043,0.2814907300239316
T_pm_base,248,234.40113575197756,0.40894108613064156
T_pm_base,249,234.9762590311002,0.3963369284303057
T_pm_base,250,236.1865171114914,1.0783351765721327
T_pm_base,251,238.3150796056725,0.9099235864487144
T_pm_base,252,238.5263207484968,1.0314307821814113
T_pm_base,253,238.3085518318694,0.41873369998842036
T_pm_base,254,240.33907253760844,0.7662929974636392
T_pm_base,255,241.47294266149402,0.5739859502422152
T_pm_base,256,241.40129234292544,0.44546467381647203
T_pm_base,257,243.0957685573958,0.43033778517356236
T_pm_base,258,243.53277305490337,0.42777799339480016
T_pm_base,259,245.0021099532023,0.40519507096798013
T_pm_base,260,245.25853790109977,0.2391339105656957
T_pm_base,261,246.41857628594153,0.2926012589301047
T_pm_base,262,247.2605851944536,0.34449951668519097
T_pm_base,263,248.3139045885764,0.33005225501248
T_pm_base,264,248.81655969657004,0.41105013539758944
T_pm_base,265,250.15108030638658,0.4265478209351903
T_pm_base,266,251.0997230070643,0.4311320400534068
T_pm_base,267,251.75509730470367,0.34378584141397855
T_pm_base,268,252.9103433364071,0.48352010706289966
T_pm_base,269,254.224226687802,1.2658278768197495
T_pm_base,270,255.24117595050484,1.4864814169145064
T_pm_base,271,256.95209885016084,1.2380265424701444
T_pm_base,272,256.4118424546905,0.5225044302042089
T_pm_base,273,257.45843871263787,0.36967924290538096
T_pm_base,274,258.52392475353554,0.5417684369850769
T_pm_base,275,259.1710847336799,0.32394465609685297
T_pm_base,276,260.21027140668593,0.26843599637729576
T_pm_base,277,262.36298648873344,1.3036675378021076
T_pm_base,278,262.3315569071565,0.7016739930156525
T_pm_base,279,262.91475598700345,0.4449876913743489
T_pm_base,280,263.95187675370835,0.37749139030243367
T_pm_base,281,264.882655441761,0.48882417994040656
T_pm_base,282,266.36691728490405,0.6298653351390109
T_pm_base,283,266.9703854888212,0.4532287374127749
T_pm_base,284,267.77410435606726,0.39974692668008743
T_pm_base,285,268.43347561662085,0.22695229354219126
T_pm_base,286,269.8711082863156,1.4688824967826553
T_pm_base,287,271.0815056518186,1.6125242800780821
T_pm_base,288,272.6247731479816,1.722867188886272
T_pm_base,289,274.3946328992024,1.5569741530193084
T_pm_base,290,274.19929395546205,1.0157655054953636
T_pm_base,291,275.4995916096959,1.0669715824115733
T_pm_base,292,275.98139416077174,1.3415921039661594
T_pm_base,293,275.6763142941054,0.5598098057238933
T_pm_base,294,276.3914738083258,0.3763611171588911
T_pm_base,295,279.26663335529156,1.622825792834257
T_pm_base,296,280.2433902048506,0.9146765922324719
T_pm_base,297,279.55878996290267,1.1490921803028458
T_pm_base,298,280.7050980976783,0.5058531308142897
T_pm_base,299,281.47872413974255,0.49125961304485866
T_pm_base,300,282.43499123491347,0.49900393488441475
T_pm_base,301,283.25238291872665,0.44981375764003456
T_pm_base,302,285.4890317423269,0.7618833656633511
T_pm_base,303,286.8248820886947,0.9659289042738
T_pm_base,304,287.42967199650593,1.3123885215113953
T_pm_base,305,287.12194935651496,0.48584339495635914
T_pm_base,306,288.2243740663398,0.42101331001313796
T_pm_base,307,289.2053215939086,0.2563842934578563
T_pm_base,308,290.53095423732884,0.9345861216605058
T_pm_base,309,291.20695015299134,0.4821322443527067
T_pm_base,310,291.89332544920035,0.5097996446460666
T_pm_base,311,293.46310713444836,0.49174059596599
T_pm_base,312,293.95605095196515,0.3231109063206285
T_pm_base,313,295.3736866591498,0.4486368863658283
T_pm_base,314,296.63552455022,0.48648593881171537
T_pm_base,315,296.83888793806545,0.39685319403807334
T_pm_base,316,298.9257591369096,1.3727450638197518
T_pm_base,317,299.1565469885245,0.9133709366215158
T_pm_base,318,298.90645609702915,0.4597300099921148
T_pm_base,319,300.541947648162,0.5282130309869144
T_pm_base,320,301.8504487059545,0.5786866595539357
T_pm_base,321,302.36279939999804,0.5710150316574989
T_pm_base,322,304.6472765156068,1.2079012300338783
T_pm_base,323,305.2739117934834,0.9650253941936039
T_pm_base,324,306.60998779931106,1.3143964205583416
T_pm_base,325,307.3826477455441,1.4331081284294938
T_pm_base,326,306.27194310654886,0.5541235986289976
T_pm_base,327,307.48989755520597,0.3071181895428411
T_pm_base,328,309.1037504840642,0.5519209467665809
T_pm_base,329,310.22890029125847,0.5194722295454565
T_pm_base,330,310.8899282058701,0.42543259632516783
T_pm_base,331,311.832221102668,0.44632496472251126
T_pm_base,332,312.56233518361114,0.38224203438978466
T_pm_base,333,314.04797805007547,0.994368655539506
T_pm_base,334,315.76523744734004,1.010519483370627
T_pm_base,335,316.3100750709418,0.8247650866189237
T_pm_base,336,317.6528522046283,0.8027172048443766
T_pm_base,337,318.6343507375568,0.8097738559139163
T_pm_base,338,319.8460668034386,0.9853744096200185
T_pm_base,339,319.8984302871395,1.1464776292782308
T_pm_base,340,320.45006318949163,1.3212915426669032
T_pm_base,341,320.6012697482947,0.5372251525686987
T_pm_base,342,321.54697064543143,0.4128570639208846
T_pm_base,343,322.89667145814747,0.5894356746725792
T_pm_base,344,323.9182648365386,1.2260947498709116
T_pm_base,345,325.5415709398221,1.0344455583765417
T_pm_base,346,326.36272793170065,0.963744652429584
T_pm_base,347,326.2591324397363,0.9392156543459804
T_pm_base,348,326.9126535975374,0.6099345298601709
T_pm_base,349,328.00840960117057,0.47363520089761646
T_pm_base,350,329.3617694405839,0.6084195872579888
T_pm_base,351,329.85164184938185,0.4114568444441634
T_pm_base,352,331.1916300444864,0.4315747346075837
T_pm_base,353,331.7606204014737,0.535940385035358
T_pm_base,354,332.8232595114969,0.6215590571698413
T_pm_base,355,334.16064010816626,0.4591181296968712
T_pm_base,356,335.06384139182046,0.36784988396704604
T_pm_base,357,336.484522302635,1.3025386377593589
T_pm_base,358,338.99506855523214,1.2814186790453532
T_pm_base,359,340.6823308847379,1.4750436779871456
T_pm_base,360,341.57239315100014,2.0523424013382368
T_pm_base,361,342.0481612556614,1.203803859124589
T_pm_base,362,340.51842894987203,0.5360939734190721
T_pm_base,363,341.05830076150596,0.45485488709454236
T_pm_base,364,342.47630297904834,0.3705846105946138
T_pm_base,365,343.13708707340993,0.4313593167537084
T_pm_base,366,343.84050163207576,0.6692061476895946
T_pm_base,367,345.06951753864996,0.4182340871167225
T_pm_base,368,345.82723244675435,0.41403496760863556
T_pm_base,369,348.108668171335,1.9378488259741333
T_pm_base,370,349.8936072050128,1.6304474055132456
T_pm_base,371,350.26014058385044,1.02542915831832
T_pm_base,372,351.21754300780594,0.8588165205454861
T_pm_base,373,352.1084036969114,0.8037448997712259
T_pm_base,374,353.36133062955923,0.6936187912706875
T_pm_base,375,353.9811619266402,0.7839137729093915
T_pm_base,376,354.61583980359137,0.8586722940298294
T_pm_base,377,354.7862794599496,0.7098353281757092
T_pm_base,378,355.37134669721127,0.5214660937750926
T_pm_base,379,356.40253289602697,0.40532430199462965
T_pm_base,380,358.11600390588865,0.9521126510101835
T_pm_base,381,358.9160475472454,1.3937232116090459
T_pm_base,382,361.0077161109075,0.9322567082208909
T_pm_base,383,360.0300012563821,0.8752212718484578
T_pm_base,384,361.5167925017886,0.46406992793020724
T_pm_base,385,362.6538087031804,0.9166334712642357
T_pm_base,386,364.5715515653137,1.3243287128026502
T_pm_base,387,364.99935960164294,1.046697051890243
T_pm_base,388,364.99130236916244,0.4623537735396079
T_pm_base,389,366.53126528835855,0.6164614152025306
T_pm_base,390,368.66147503023967,1.2072075749998272
T_pm_base,391,367.91735604638234,1.2967967730117638
T_pm_base,392,370.23998765507713,1.918783236161009
T_pm_base,393,370.7063193898648,0.7613805656926855
T_pm_base,394,371.66154939332046,1.4616019654115087
T_pm_base,395,371.2687265651766,0.6072399990740556
T_pm_base,396,372.799571295036,0.542867664279832
T_pm_base,397,373.12408045399934,0.6284562944933325
T_pm_base,398,374.02219133800827,0.5185404848220972
T_pm_base,399,375.1236519077793,0.6366966107681307
T_pm_base,400,376.7262432491407,0.5575844912594089
T_pm_base,401,377.4211291165557,0.680327981270978
T_pm_base,402,378.0107362079434,0.7482461703484885
T_pm_base,403,378.60424898099154,0.5464795662707898
T_pm_base,404,380.4018607654143,1.4724309755297156
T_pm_base,405,380.576553393621,1.9558614954937585
T_pm_base,406,381.0644504847005,0.7227279725546575
T_pm_base,407,382.75141086196527,1.3367913833569636
T_pm_base,408,382.7212877920829,1.2025700695074242
T_pm_base,409,383.25632485793903,1.2154198839913029
T_pm_base,410,385.0117823050823,3.4795021199603164
T_pm_base,411,385.33527579857036,2.0318680218363134
T_pm_base,412,384.34197885217145,1.4946127665923554
T_pm_base,413,384.0746817586478,1.0356013040017693
T_pm_base,414,385.7744169596117,1.0840880785927598
T_pm_base,415,385.80277780420147,1.42791756153089
T_pm_base,416,386.5652678941842,1.1740778282352764
T_pm_base,417,385.6358508230187,1.2234536079215246
T_pm_base,418,386.3151106634177,0.4170370609814932
T_pm_base,419,388.5725145577453,0.6125122682113094
T_pm_base,420,391.4298724324908,2.9936041792036407
T_pm_base,421,392.2241690394003,1.582918550940403
T_pm_base,422,391.44522629794665,0.9378432080677241
T_pm_base,423,392.22977085155435,1.435850172927912
T_pm_base,424,394.40249979379587,1.7359112121251141
T_pm_base,425,393.7254494812805,0.6720497292341546
T_pm_base,426,394.69022885896266,0.7227270351477889
T_pm_base,427,395.3358645492699,0.9465436250737435
T_pm_base,428,397.7901801583357,1.5687456653019645
T_pm_base,429,399.9404526199214,1.270614141118631
T_pm_base,430,400.42996310512535,1.0168024105231592
T_pm_base,431,399.9636630062014,1.3688791546970964
T_pm_base,432,402.60523703182116,1.4453947248628012
T_pm_base,433,403.4747826925013,1.1510050963404768
T_pm_base,434,403.41791573446244,0.9744003365432798
T_pm_base,435,405.9069311537314,2.52594000675177
T_pm_base,436,405.1123240205925,0.9132674163193579
T_pm_base,437,406.3083848915994,1.3091057880994752
T_pm_base,438,406.61815029452555,1.2699447390243694
T_pm_base,439,405.8636224071961,0.4539991330073503
T_pm_base,440,406.44237224478275,0.5013337118605399
T_pm_base,441,408.7074321520049,1.2198393304229016
T_pm_base,442,410.80872514867224,1.4240250358971636
T_pm_base,443,412.2314198932145,1.3205810374045523
T_pm_base,444,411.0012517950963,1.032759504254927
T_pm_base,445,413.1020006374456,1.8202403306924422
T_pm_base,446,413.31056635826826,1.0307720691091702
T_pm_base,447,414.0484800969716,1.0602147727526692
T_pm_base,448,414.8935603501741,1.546781875061819
T_pm_base,449,416.86562430113554,0.8937028248269674
T_pm_base,450,417.76614359696396,0.9249700109141271
T_pm_base,451,419.15259605739266,1.0884914594745072
T_pm_base,452,419.42679479834624,1.1061251626756525
T_pm_base,453,420.2282229845878,0.8259299279902456
T_pm_base,454,421.20663493988104,1.1613008656146617
T_pm_base,455,422.06005581538193,2.1654530908856295
T_pm_base,456,422.1179554471746,0.3693629024660023
T_pm_base,457,422.98897335422225,0.49280584987797055
T_pm_base,458,425.3780194907449,1.3934411033126453
T_pm_base,459,426.4057391497772,1.2313550017832695
T_pm_base,460,427.3568656411953,0.9837709639784677
T_pm_base,461,428.59029985265806,1.3091977169016857
T_pm_base,462,428.91929444740526,1.0482902740262998
T_pm_base,463,430.9938513324596,1.078797190914076
T_pm_base,464,430.7659788930323,1.4115934876103244
T_pm_base,465,432.04515005927533,1.0591178170218412
T_pm_base,466,433.2364207133651,1.4516324028612502
T_pm_base,467,431.97357065510005,0.5083568510873809
T_pm_base,468,432.945702271536,0.5351349321167937
T_pm_base,469,433.99516460485756,0.6250505766385491
T_pm_base,470,434.0698516985867,0.6655300671802733
T_pm_base,471,434.7528770507779,0.7240602078190742
T_pm_base,472,437.8113755316008,1.5869552548989077
T_pm_base,473,438.3117230492644,1.4920315082973568
T_pm_base,474,437.95959924464114,0.5890963206409551
T_pm_base,475,439.1125208057929,0.7091103063262469
T_pm_base,476,440.52113064099103,1.9587693946788773
T_pm_base,477,441.9673199998215,1.0105927262819419
T_pm_base,478,442.4390255881008,0.8782012499030136
T_pm_base,479,443.4309145552106,1.268443397543635
T_pm_base,480,442.8928392881062,0.6014092589436573
T_pm_base,481,445.29603424598463,0.8552581125427196
T_pm_base,482,445.74573630816303,0.8419445207352741
T_pm_base,483,446.63229873985983,0.6750430484057716
T_pm_base,484,447.3343275953084,0.7561117602282315
T_pm_base,485,448.47395924152806,0.575515846676962
T_pm_base,486,448.982569295913,0.5087776163216526
T_pm_base,487,449.82109757256694,0.6566130752466045
T_pm_base,488,452.48970912070945,3.1598237935830107
T_pm_base,489,451.70921165845357,0.46458118754591116
T_pm_base,490,452.70385389449075,0.5522379256805258
T_pm_base,491,454.0313794044778,0.4897663078358402
T_pm_base,492,455.276617500931,0.6934139858902892
T_pm_base,493,456.14759666495956,0.910593095987049
T_pm_base,494,460.02597274491563,2.044967874656909
T_pm_base,495,457.52360243932344,0.6423569942445642
T_pm_base,496,458.1950294901617,0.6513735781047585
T_pm_base,497,459.42323813796975,0.5868086195977299
T_pm_base,498,460.93400430399925,0.6420106679337728
T_pm_base,499,461.9392230932135,0.5089726865168537
T_pm_base,500,462.32128004776314,0.6049300794962056
T_pm_base,501,463.7138298014179,1.0175363484373057
T_pm_base,502,463.9252665452659,0.6384816951759968
T_pm_base,503,465.56280149379745,0.6098344463138093
T_pm_base,504,467.31697994400747,1.0825213489405923
T_pm_base,505,469.0256143629085,1.4944350292537592
T_pm_base,506,467.98012126237154,0.8367732831797229
T_pm_base,507,468.61476594931446,0.7321259768285391
T_pm_base,508,468.3862792036962,0.8883387973843792
T_pm_base,509,470.76430139131844,0.5886037510395808
T_pm_base,510,471.4728949707933,0.7384022493926318
T_pm_base,511,472.59162184782326,0.5198612765852176
T_pm_base,512,473.87424668413587,0.7683096130264973
T_pm_base,513,474.63353599305265,0.8260350764264098
T_pm_base,514,477.3330610594712,0.9593900406599483
T_pm_base,515,475.99901169887744,0.6322302122548108
T_pm_base,516,479.58976594381966,0.9985015885804434
T_pm_base,517,480.614966689609,1.5028264480390932
T_pm_base,518,480.093653826043,2.2118129985079147
T_pm_base,519,479.88892575958744,3.1734076611685964
T_pm_base,520,479.4076176651288,0.5726465847913108
T_pm_base,521,480.6795586482622,0.8176874188807669
T_pm_base,522,481.6091605753172,0.4665635340464374
T_pm_base,523,485.1202279445715,1.2907515341576787
T_pm_base,524,486.30420486442745,1.0395468133059194
T_pm_base,525,484.4066977035254,0.6151084002877023
T_pm_base,526,486.7228267539758,0.6008141978780026
T_pm_base,527,486.6404340195004,0.6476285372603046
T_pm_base,528,487.4738340557087,0.5722607786636378
T_pm_base,529,490.6269259285182,1.8160983865133784
T_pm_base,530,492.3042175534647,1.165066240742677
T_pm_base,531,493.50785119459033,1.0692971057898577
T_pm_base,532,493.3689010387752,1.7910125898367486
T_pm_base,533,492.147561640013,0.7728262999951099
T_pm_base,534,494.915284961462,1.7690573756795451
T_pm_base,535,494.63521689758636,0.5410754510336624
T_pm_base,536,495.6478055100888,1.14137687996564
T_pm_base,537,498.52011968614534,1.25854220847341
T_pm_base,538,497.19044616795145,0.6379586234110027
T_pm_base,539,497.0219540700782,0.5276046634754878
T_pm_base,540,498.5642470710445,0.7172919445559982
T_pm_base,541,502.47368275304325,1.1845451013439463
T_pm_base,542,501.59940576413646,1.0443707865396517
T_pm_base,543,502.74703896138817,1.2253261246742655
T_pm_base,544,505.00109685817733,0.9970576617713929
T_pm_base,545,505.8905106445309,0.8895545260339326
T_pm_base,546,505.7239441841375,1.7138326051902344
T_pm_base,547,505.5257481581066,0.4729868002842548
T_pm_base,548,505.6741527165286,0.7354907023750726
T_pm_base,549,507.83457211218774,1.8065148325969735
T_pm_base,550,509.3573467573151,2.145623465746586
T_pm_base,551,509.73930484615266,1.4837698751389259
T_pm_base,552,511.89624425023794,1.3956306075342764
T_pm_base,553,510.5270606058184,0.800613059522216
T_pm_base,554,511.42416580114514,0.7113132336889355
T_pm_base,555,512.5673033937346,0.6612481844913747
T_pm_base,556,514.1711393429432,0.7911191907406455
T_pm_base,557,515.4687159869354,0.7273198077493382
T_pm_base,558,516.0780011094175,0.8867591543617447
T_pm_base,559,519.7330791503191,1.8061365621294774
T_pm_base,560,520.338617998641,1.3828484287417395
T_pm_base,561,520.9745869040489,1.4834307161156601
T_pm_base,562,521.9961834081914,1.0084813320651194
T_pm_base,563,524.9259578529745,2.1372042650766527
T_pm_base,564,525.1485800952651,1.4664764872746097
T_pm_base,565,525.3248646564316,1.6046370250953945
T_pm_base,566,526.8154907564167,1.225216799530163
T_pm_base,567,527.2404671588447,1.0585273383236413
T_pm_base,568,525.5475440411828,0.5408915588620976
T_pm_base,569,528.0814917117823,2.1928448393562765
T_pm_base,570,530.1114694972057,2.4155276596451207
T_pm_base,571,528.855512541486,0.533292561437982
T_pm_base,572,528.6307637870777,0.8894402111101767
T_pm_base,573,529.7759202483576,0.7253681714104714
T_pm_base,574,531.0229219961911,0.8265280848055833
T_pm_base,575,531.5245436911937,0.7550283530828873
T_pm_base,576,532.8174989495892,0.7386396000565252
